game,rom_file,crc32,sha1,game_code,header_version,a3d_cart_id,project64_save_name,cart_save_type,uses_controller_pak,cart_status,cart_completion,cart_creator,cart_source_url,cart_source_stated_version,cart_conversion,cart_notes,cart_sc64_file,cart_mister_file,cart_emulator_file,cart_everdrive_file,pak_status,pak_completion,pak_source_url,pak_notes_in_image,pak_notes,pak_a3d_file,pak_mister_file,pak_emulator_file,pak_everdrive_file
007 - The World Is Not Enough,007 - The World Is Not Enough (USA).z64,26360987,d347159808f0374a93cf44cfb6135d8f56279f7b,NO7E,0,7f3a3558,TWINE,none,yes,no cartridge save,,,,,,,,,,,ready,Everything done and unlocked,https://gamefaqs.gamespot.com/n64/914163-007-the-world-is-not-enough/saves/1083,NO7E TWINE (2 pages),,saves/analogue3d/Library/N64/Games/007 - The World Is Not Enough 7f3a3558/controller_pak.img,saves/mister/007 - The World Is Not Enough (USA)_1.cpk,saves/emulator/TWINE_Cont_1.mpk,saves/everdrive/007 - The World Is Not Enough (USA).mpk
1080° Snowboarding,"1080 Snowboarding (Japan, USA) (En,Ja).z64",08fe81c7,79cd1166c365e5809dec9b62e6d40d6032d5db3a,NTEA,0,17c5222c,1080 SNOWBOARDING,SRAM 256Kbit,no,needs review,"Not stated per file. Repo README: saves focused on multiplayer content and unlockables (levels, characters, bonus levels).",madmodder123 (repo owner; original save author not credited),https://github.com/madmodder123/retropie_saves/blob/2848dd20b5c3b4958db6750f098ae1f62f1a2e6e/n64/1080%20Snowboarding%20(JU)%20(M2)%20%5B!%5D.sra,(JU) (M2) [!] (GoodN64 Japan/USA),byteswapped 32-bit words (Project64 order -> native big-endian),Not on GameFAQs. Completion not stated by source.,"saves/summercart64/1080 Snowboarding (Japan, USA) (En,Ja).sav","saves/mister/1080 Snowboarding (Japan, USA) (En,Ja).sra",saves/emulator/1080 SNOWBOARDING.sra,"saves/everdrive/1080 Snowboarding (Japan, USA) (En,Ja).srm",no controller pak use,,,,,,,,
40 Winks (1999-10-07),"40 Winks (Europe) (En,Es,It) (Proto) (1999-10-07).z64",7e718143,3774e87aa383220060d330314f2c5bbb872f72ce,N4WX,0,5cba2a00,40 WINKS,none,yes,no cartridge save,,,,,,,,,,,not found,,,,,,,,
AeroFighters Assault,AeroFighters Assault (USA).z64,4370d7e3,6742f67d7d2639072e186d240237be1c662cb25a,NERE,0,cf72f441,AERO FIGHTERS ASSAUL,EEPROM 4Kbit,no,not found,,,,,,"Nothing on GameFAQs (or only other-platform saves), the GitHub collections, archive.org or speedrun.com.",,,,,no controller pak use,,,,,,,,
AeroGauge,AeroGauge (USA).z64,198b9e0e,77626171c35fb1a4dfebb0927280897f362225ed,NAGE,0,c05ac90f,AEROGAUGE,EEPROM 4Kbit,no,not found,,,,,,"Nothing on GameFAQs (or only other-platform saves), the GitHub collections, archive.org or speedrun.com.",,,,,no controller pak use,,,,,,,,
Aidyn Chronicles - The First Mage,Aidyn Chronicles - The First Mage (USA) (Rev 1).z64,d5051096,f80e135e7e962308f51bb9f7600b25213549c688,NAYE,1,f035b4c4,AIDYN_CHRONICLES,none,yes,no cartridge save,,,,,,,,,,,needs review,"Save files near the end of the game. One before the final battle, and one on the way to Erromon.",https://gamefaqs.gamespot.com/n64/196565-aidyn-chronicles-the-first-mage/saves/14077,NAYE CHRONICLES (28 pages); NAYE CHRONICLES (28 pages),"Late-game saves, not 100%.",saves/analogue3d/Library/N64/Games/Aidyn Chronicles - The First Mage f035b4c4/controller_pak.img,saves/mister/Aidyn Chronicles - The First Mage (USA) (Rev 1)_1.cpk,saves/emulator/AIDYN_CHRONICLES_Cont_1.mpk,saves/everdrive/Aidyn Chronicles - The First Mage (USA) (Rev 1).mpk
Airboarder 64,Airboarder 64 (Europe).z64,c14d45ac,2171fe2c0a9253cba56828f24a5e6153726c1516,NABP,0,04f16f48,AIR BOARDER 64,EEPROM 4Kbit,yes,not found (Controller Pak saves only),,,,,,Not convertible to a cartridge save.,,,,,not found,,,,,,,,
All Star Tennis 99,All Star Tennis 99 (USA).z64,a7dcf638,3a6446409d63dcac0d5c860a3e2888a378474887,NTNE,0,b1ee945c,ALL STAR TENNIS '99,EEPROM 4Kbit,no,not found,,,,,,"Nothing on GameFAQs (or only other-platform saves), the GitHub collections, archive.org or speedrun.com.",,,,,no controller pak use,,,,,,,,
All-Star Baseball 2000,All-Star Baseball 2000 (USA).z64,69e88471,4256a23902e22e6e8291f1931f8de4b2716fe480,NBEE,0,940f1395,All-Star Baseball '0,none,yes,no cartridge save,,,,,,,,,,,not found,,,,,,,,
All-Star Baseball 2001,All-Star Baseball 2001 (USA).z64,4d659e85,4f1b8635322190bb3d0c6fc7d3ba844941f05574,NASE,0,7b1917c7,All-Star Baseball 20,none,yes,no cartridge save,,,,,,,,,,,not found,,,,,,,,
All-Star Baseball 99,All-Star Baseball 99 (USA).z64,6d25b36f,aa576624f2a66034cb0d6e621ba16a0d3beaca3a,NBSE,0,cbf9dd35,All Star Baseball 99,none,yes,no cartridge save,,,,,,,,,,,needs review,This contains T64's all-star roster for the Pirates. It has all the big named players.,https://gamefaqs.gamespot.com/n64/196585-all-star-baseball-99/saves/1131,NBSE ASB '99 SEASON (107 pages); NBSE ASB '99 ROSTER (15 pages),"Roster/season data, not an unlock save.",saves/analogue3d/Library/N64/Games/All-Star Baseball 99 cbf9dd35/controller_pak.img,saves/mister/All-Star Baseball 99 (USA)_1.cpk,saves/emulator/All Star Baseball 99_Cont_1.mpk,saves/everdrive/All-Star Baseball 99 (USA).mpk
Animal Forest,Animal Forest (Japan) [T-En by Zoinkity v021210] [i] [n].z64,46239627,1d7ee0f42824b2cdb85242862909b564f499c17b,NAFE,0,5804bea4,ANIMAL FOREST,FlashRAM 1Mbit,yes,not found (Controller Pak saves only),,,,,,Not convertible to a cartridge save. A Controller Pak save is provided instead (see pak columns).,,,,,needs review,Original Controller Pak Data - 2 Famicom Games and 1 Song at Post Office,https://gamefaqs.gamespot.com/n64/579007-doubutsu-no-mori/saves/24446,NAFJ DOUBUTSUNOMORI.B (103 pages),"Pak data (2 Famicom games, 1 song) from the Japanese game; untested with the English patch.",saves/analogue3d/Library/N64/Games/Animal Forest 5804bea4/controller_pak.img,saves/mister/Animal Forest (Japan) [T-En by Zoinkity v021210] [i] [n]_1.cpk,saves/emulator/ANIMAL FOREST_Cont_1.mpk,saves/everdrive/Animal Forest (Japan) [T-En by Zoinkity v021210] [i] [n].mpk
Armorines - Project S.W.A.R.M,Armorines - Project S.W.A.R.M. (USA).z64,630a19e2,d9f55acf77a54eeb7f62577aa5711769ebeadde3,NARE,0,c240e949,Armorines Project S.,none,yes,no cartridge save,,,,,,,,,,,not found,,,,,,,,
Army Men - Air Combat,Army Men - Air Combat (USA).z64,1952cc87,eb9bacb12eb6665be9936a3e1dfd6d57b2eaabdb,NACE,0,77a7e487,ARMYMENAIRCOMBAT,none,yes,no cartridge save,,,,,,,,,,,not found,,,,,,,,
Army Men - Sarge's Heroes,Army Men - Sarge's Heroes (USA).z64,2fe786f6,1824380911579424e50042d45aef4851f7ab25a7,NAME,0,cbdb20e0,Army Men Sarge,none,yes,no cartridge save,,,,,,,,,,,not found,,,,,,,,
Army Men - Sarge's Heroes 2,Army Men - Sarge's Heroes 2 (USA).z64,79a71608,f32b6de2f87928378f26ca17b68b27d87fdefce1,N32E,0,be1523cd,ARMYMEN SARGE 2,none,yes,no cartridge save,,,,,,,,,,,needs review,Starts you at the final save point in the game,https://gamefaqs.gamespot.com/n64/340233-army-men-sarges-heroes-2/saves/1074,N32E ARMYMEN SARGE 2 (2 pages),"Final save point, unlocks not stated.",saves/analogue3d/Library/N64/Games/Army Men - Sarge's Heroes 2 be1523cd/controller_pak.img,saves/mister/Army Men - Sarge's Heroes 2 (USA)_1.cpk,saves/emulator/ARMYMEN SARGE 2_Cont_1.mpk,saves/everdrive/Army Men - Sarge's Heroes 2 (USA).mpk
Asteroids Hyper 64,Asteroids Hyper 64 (USA).z64,f5ce3d91,329f4d560b0ba7da622edd9b84523e86e265fffe,NAHE,0,a222b3a3,Asteroids Hyper 64,none,yes,no cartridge save,,,,,,,,,,,not found,,,,,,,,
Automobili Lamborghini,Automobili Lamborghini (USA).z64,a4374eac,78b36b48040426478011caef5e11884af2e80375,NLCE,0,31eb0049,LAMBORGHINI,none,yes,no cartridge save,,,,,,,,,,,ready,All cars and reverse modes unlocked by T64.,https://gamefaqs.gamespot.com/n64/196671-automobili-lamborghini/saves/1140,NLCE LAMBORGHINI (7 pages),,saves/analogue3d/Library/N64/Games/Automobili Lamborghini 31eb0049/controller_pak.img,saves/mister/Automobili Lamborghini (USA)_1.cpk,saves/emulator/LAMBORGHINI_Cont_1.mpk,saves/everdrive/Automobili Lamborghini (USA).mpk
Bakuretsu Muteki Bangaioh,Bakuretsu Muteki Bangaioh (Japan).z64,6ab7fec6,2dbfe78f97b8d6e1a33b73d244be831d18b0491e,NBNJ,0,0759225a,BANGAIOH,EEPROM 4Kbit,yes,not found,,,,,,"Nothing on GameFAQs (or only other-platform saves), the GitHub collections, archive.org or speedrun.com.",,,,,not found,,,,,,,,
Banjo-Kazooie,Banjo-Kazooie (USA) (Rev 1).z64,fb7ffb10,ded6ee166e740ad1bc810fd678a84b48e245ab80,NBKE,1,c257e8f3,Banjo-Kazooie,EEPROM 4Kbit,no,ready,Game fully completed with everything unlocked by T64.,ACA,https://gamefaqs.gamespot.com/n64/196694-banjo-kazooie/saves/1141,Not stated,"Extracted cartridge-EEPROM backup note ""BKBK"" (code 3BADD1E5/FADE) from DexDrive image",ROM is Rev 1; source revision unknown.,saves/summercart64/Banjo-Kazooie (USA) (Rev 1).sav,saves/mister/Banjo-Kazooie (USA) (Rev 1).eep,saves/emulator/Banjo-Kazooie.eep,saves/everdrive/Banjo-Kazooie (USA) (Rev 1).eep,no controller pak use,,,,,,,,
Banjo-Tooie,Banjo-Tooie (USA).z64,bab803ef,af1a89e12b638b8d82cc4c085c8e01d4cba03fb3,NB7E,0,4f9832d9,BANJO TOOIE,EEPROM 16Kbit,no,ready,"All 90 jiggies and 900 notes collected, all 25 honey combs, all 45 jinjos, all 25 cheat pages collected with all cheats activated, dragon Kazooie obtained, faster swim ability obtained, and jinjo unlocked in multiplayer. All minigames, bosses, and cinema unlocked on main menu for replay (100%)",MattKimura (collection maintainer; original save author not credited),https://github.com/MattKimura/Emulator-Saves/blob/6a7b097895ddbcf2fb32ec1491762893386ed762/100%25%20Saves/N64/Banjo-Tooie.zip,Not stated,Unzipped BANJO TOOIE.eep,Not on GameFAQs.,saves/summercart64/Banjo-Tooie (USA).sav,saves/mister/Banjo-Tooie (USA).eep,saves/emulator/BANJO TOOIE.eep,saves/everdrive/Banjo-Tooie (USA).eep,no controller pak use,,,,,,,,
Bassmasters 2000,Bassmasters 2000 (USA).z64,6b09092e,946b3e08a1a4de4f917ad547bb24f533b737f712,NB4E,0,ee9ca2eb,BASSMASTERS2000,none,yes,no cartridge save,,,,,,,,,,,not found,,,,,,,,
Batman Beyond - Return of the Joker,Batman Beyond - Return of the Joker (USA).z64,35299f9c,f7382358250965e9757ba9a89fe42d033dbe7fe8,NJQE,0,123d4d7a,BATMAN BEYOND RETURN,none,no,no cartridge save,,,,,,,,,,,no controller pak use,,,,,,,,
BattleTanx,BattleTanx (USA).z64,6c230765,535860d941738ac1210c20a9b80114fea0e0ff17,NBXE,0,ae4b8b9f,BATTLETANX,none,yes,no cartridge save,,,,,,,,,,,needs review,T64's save with extra options available!,https://gamefaqs.gamespot.com/n64/196733-battletanx/saves/1142,NBXE BATTLETANX (1 pages),"Stated as ""extra options available"", completion unclear.",saves/analogue3d/Library/N64/Games/BattleTanx ae4b8b9f/controller_pak.img,saves/mister/BattleTanx (USA)_1.cpk,saves/emulator/BATTLETANX_Cont_1.mpk,saves/everdrive/BattleTanx (USA).mpk
BattleTanx - Global Assault,BattleTanx - Global Assault (USA).z64,31beb053,805248fb0a0ee694cad8d7dc927b631d860dd8cf,NBQE,0,09708fb9,BATTLETANXGA,none,yes,no cartridge save,,,,,,,,,,,needs review,Starts you at final save point with a lot of tank bucks,https://gamefaqs.gamespot.com/n64/196734-battletanx-global-assault/saves/1075,NBQE BATTLETANXGA (1 pages),"Final save point, unlocks not stated.",saves/analogue3d/Library/N64/Games/BattleTanx - Global Assault 09708fb9/controller_pak.img,saves/mister/BattleTanx - Global Assault (USA)_1.cpk,saves/emulator/BATTLETANXGA_Cont_1.mpk,saves/everdrive/BattleTanx - Global Assault (USA).mpk
Battlezone - Rise of the Black Dogs,Battlezone - Rise of the Black Dogs (USA).z64,736f9d5c,85b4febbe6fbd1ecfc883905e43e68e7188c44f9,NZOE,0,6dae3abb,BATTLEZONE,none,yes,no cartridge save,,,,,,,,,,,not found,,,,,,,,
Beetle Adventure Racing!,"Beetle Adventure Racing! (USA) (En,Fr,De).z64",f4a97c73,e5ab4d226c08d22f68a2edcc48870203e67454b8,NNSE,0,229dd6a9,Beetle Adventure Rac,none,yes,no cartridge save,,,,,,,,,,,ready,The fully unlocked T64 save file.,https://gamefaqs.gamespot.com/n64/196751-beetle-adventure-racing/saves/1143,NNSE BEETLE RACING (4 pages),,saves/analogue3d/Library/N64/Games/Beetle Adventure Racing! 229dd6a9/controller_pak.img,"saves/mister/Beetle Adventure Racing! (USA) (En,Fr,De)_1.cpk",saves/emulator/Beetle Adventure Rac_Cont_1.mpk,"saves/everdrive/Beetle Adventure Racing! (USA) (En,Fr,De).mpk"
Big Mountain 2000,Big Mountain 2000 (USA).z64,3ac924bc,e28f3ebfb7bc706cce639fc1874243e1d4995d1d,NMUE,0,111200bd,Big Mountain 2000,EEPROM 4Kbit,yes,not found,,,,,,"Nothing on GameFAQs (or only other-platform saves), the GitHub collections, archive.org or speedrun.com.",,,,,not found,,,,,,,,
Bio F.R.E.A.K.S,Bio F.R.E.A.K.S. (USA).z64,dfbf448c,e20e9124480b559aa7148412c8993804501e180d,NBFE,0,a73f869f,BIOFREAKS,none,yes,no cartridge save,,,,,,,,,,,needs review,Start at Mutilator with Bullzeye by T64.,https://gamefaqs.gamespot.com/n64/196759-bio-freaks/saves/1144,NBFE BIOFREAKS (3 pages),"Saved at final opponent, unlocks not stated.",saves/analogue3d/Library/N64/Games/Bio F.R.E.A.K.S a73f869f/controller_pak.img,saves/mister/Bio F.R.E.A.K.S. (USA)_1.cpk,saves/emulator/BIOFREAKS_Cont_1.mpk,saves/everdrive/Bio F.R.E.A.K.S. (USA).mpk
Blast Corps,Blast Corps (USA) (Rev 1).z64,9cbbccf1,483f7161aea39de8b45c9fbc70a2c3883c4dea8c,NBCE,1,b86ab3ba,Blast Corps,EEPROM 4Kbit,yes,not found,,,,,,GameFAQs and madmodder123 only have Controller Pak saves (not convertible to cart EEPROM).,,,,,ready,T64 fully unlocked save file.,https://gamefaqs.gamespot.com/n64/196774-blast-corps/saves/1145,NBCE BLASTCORPS GAME.4 (14 pages); NBCE BLASTCORPS GAME.3 (14 pages); NBCE BLASTCORPS GAME.2 (14 pages); NBCE BLASTCORPS GAME.1 (14 pages),,saves/analogue3d/Library/N64/Games/Blast Corps b86ab3ba/controller_pak.img,saves/mister/Blast Corps (USA) (Rev 1)_1.cpk,saves/emulator/Blast Corps_Cont_1.mpk,saves/everdrive/Blast Corps (USA) (Rev 1).mpk
Blues Brothers 2000,Blues Brothers 2000 (USA).z64,c6f49764,ed0fe7c9a2e8015bdf8262d35065f53c6fcea60f,NBPE,0,b862b7f6,BLUES BROTHERS 2000,none,yes,no cartridge save,,,,,,,,,,,not found,,,,,,,,
Body Harvest,Body Harvest (USA).z64,fabbdf02,bbb6666f5014a473747ee4145f036d9fb25d7348,NBHE,0,0ac7ff30,BODY HARVEST,EEPROM 4Kbit,no,not found,,,,,,"Nothing on GameFAQs (or only other-platform saves), the GitHub collections, archive.org or speedrun.com.",,,,,no controller pak use,,,,,,,,
Bomberman 64,Bomberman 64 (Japan) [T-En by Zoinkity v1.2].z64,9bb224ca,0f691f3383de294e85e7ddb939e5533a15b6b15d,NHAE,0,fc123aa1,BOMBERMAN64,EEPROM 4Kbit,yes,not found,,,,,,"Nothing on GameFAQs (or only other-platform saves), the GitHub collections, archive.org or speedrun.com.",,,,,not found,,,,,,,,
Bomberman 64,Bomberman 64 (USA).z64,3ed0e0dc,8a7648d8105ac4fc1ad942291b2ef89aeca921c9,NBME,0,89eefc64,BOMBERMAN64U,EEPROM 4Kbit,yes,ready,"File 1: Hard Mode, game cleared with all Gold Cards and Costume Pieces obtained. File 2: Normal Mode, game cleared with all Gold Cards and Costume Pieces obtained. Music player, view credits, and full power mode available in the options menu. Custom Bomberman ""BOMBER"" (100%)",MattKimura (collection maintainer; original save author not credited),https://github.com/MattKimura/Emulator-Saves/blob/6a7b097895ddbcf2fb32ec1491762893386ed762/100%25%20Saves/N64/Bomberman%2064.zip,(U) [!] (GoodN64 USA),Unzipped Bomberman 64 (U) [!].eep,GameFAQs only has a Controller Pak character note.,saves/summercart64/Bomberman 64 (USA).sav,saves/mister/Bomberman 64 (USA).eep,saves/emulator/BOMBERMAN64U.eep,saves/everdrive/Bomberman 64 (USA).eep,not searched (has cartridge save),,,,,,,,
Bomberman 64: The Second Attack!,Bomberman 64 - The Second Attack! (USA).z64,57550007,66b1fd763793ecc6e03aa6c5d023df8de5351b9e,NBVE,0,3897882c,BOMBERMAN64U2,EEPROM 4Kbit,yes,needs review,Not stated per file. Repo README: saves focused on multiplayer content and unlockables.,madmodder123 (repo owner; original save author not credited),https://github.com/madmodder123/retropie_saves/blob/2848dd20b5c3b4958db6750f098ae1f62f1a2e6e/n64/Bomberman%2064%20-%20The%20Second%20Attack%21%20%28U%29%20%5B%21%5D.eep,(U) [!] (GoodN64 USA),none (copied as-is),Round 2. Not on GameFAQs as a cart save. Completion not stated.,saves/summercart64/Bomberman 64 - The Second Attack! (USA).sav,saves/mister/Bomberman 64 - The Second Attack! (USA).eep,saves/emulator/BOMBERMAN64U2.eep,saves/everdrive/Bomberman 64 - The Second Attack! (USA).eep,not searched (has cartridge save),,,,,,,,
Bomberman Hero,Bomberman Hero (USA).z64,2cc2e634,a36364b7e59351f7551ab351cb3b41ebc4be285b,NBDE,0,8a11842c,BOMBERMAN HERO,EEPROM 4Kbit,no,ready,NA3E - 100% completion with all mini-game modes unlocked,Jagr_68,https://gamefaqs.gamespot.com/n64/196801-bomberman-hero/saves/22533,Wii VC NA3E (US release); ROM revision not stated,"Decrypted Wii data.bin (AES-128-CBC, SD key/IV from Dolphin source), extracted EEP_NBDE (16384 B VC container); trimmed to 512 B","Round 2. Used area (120 B) is byte-identical to madmodder123's Project64 save. The GameFAQs DexDrive upload (#1148) is a different, less complete save.",saves/summercart64/Bomberman Hero (USA).sav,saves/mister/Bomberman Hero (USA).eep,saves/emulator/BOMBERMAN HERO.eep,saves/everdrive/Bomberman Hero (USA).eep,no controller pak use,,,,,,,,
Bottom of the 9th,Bottom of the 9th (USA).z64,1844c8ca,4ee0e3768b9f23112e4e5ef0c81a2b29ae22eab2,NBOE,0,a1a099a3,Bottom of the 9th,none,yes,no cartridge save,,,,,,,,,,,not found,,,,,,,,
Brunswick Circuit Pro Bowling,Brunswick Circuit Pro Bowling (USA).z64,80d70173,91f6f7843a7413126a7b4026104526615f979134,NOWE,0,14a38e4f,BRUNSWICKBOWLING,none,yes,no cartridge save,,,,,,,,,,,not found,,,,,,,,
Buck Bumble,Buck Bumble (USA).z64,8ec937db,01d9497ea0e1f68ae285b8c7a57439b42b7d9a56,NBLE,0,d827b5d2,BUCK BUMBLE,none,yes,no cartridge save,,,,,,,,,,,needs review,"Saves at levels 12-19, 9 lives for final level",https://gamefaqs.gamespot.com/n64/196835-buck-bumble/saves/857,NBLE BUCK BUMBLE (3 pages),"Level saves 12-19, not 100%.",saves/analogue3d/Library/N64/Games/Buck Bumble d827b5d2/controller_pak.img,saves/mister/Buck Bumble (USA)_1.cpk,saves/emulator/BUCK BUMBLE_Cont_1.mpk,saves/everdrive/Buck Bumble (USA).mpk
"Bug's Life, A","Bug's Life, A (USA).z64",cf2ea0b6,697c1e895fc840826fcb6a6f37411a2af6d6f47c,NBYE,0,a146e44d,A Bug's Life,none,yes,no cartridge save,,,,,,,,,,,not found,,,,,,,,
Bust-A-Move '99,Bust-A-Move '99 (USA).z64,c285fc69,8d874677cfbfa88c5e52bc13327d518be3b756ba,NB3E,0,9677be48,Bust A Move '99,none,yes,no cartridge save,,,,,,,,,,,ready,T64Mike's completed Bust-A-Move '99 save. Puzzles unlocked.,https://gamefaqs.gamespot.com/n64/196850-bust-a-move-99/saves/1132,NB3E BUST-A-MOVE 99 (64 pages),,saves/analogue3d/Library/N64/Games/Bust-A-Move '99 9677be48/controller_pak.img,saves/mister/Bust-A-Move '99 (USA)_1.cpk,saves/emulator/Bust A Move '99_Cont_1.mpk,saves/everdrive/Bust-A-Move '99 (USA).mpk
Bust-A-Move 2 - Arcade Edition,Bust-A-Move 2 - Arcade Edition (USA).z64,9f54cd2d,8f1aad51e733958d1a9a7a0cb7516fc7a293ca7b,NBUE,0,11860e27,Bust A Move 2,none,yes,no cartridge save,,,,,,,,,,,not found,,,,,,,,
California Speed,California Speed (USA).z64,6f6262cb,bd4c070a71ef58499587cb811fb7490b88dd7c0b,NCLE,0,9a776b7c,CAL SPEED,none,yes,no cartridge save,,,,,,,,,,,ready,All cars and tracks unlocked.,https://gamefaqs.gamespot.com/n64/196863-california-speed/saves/1995,NCLE CAL SPEED (35 pages),,saves/analogue3d/Library/N64/Games/California Speed 9a776b7c/controller_pak.img,saves/mister/California Speed (USA)_1.cpk,saves/emulator/CAL SPEED_Cont_1.mpk,saves/everdrive/California Speed (USA).mpk
Carmageddon 64,Carmageddon 64 (USA).z64,10c6a0a1,dc7495093fb9a668b0c851b87c037a4cdf2ddc65,NCDE,0,71b58e1b,CARMAGEDDON64,none,yes,no cartridge save,,,,,,,,,,,not found,,,,,,,,
Castlevania,Castlevania (USA) (Rev 2).z64,83032d97,ba23d0fb480b9885f0d847f7f3d67b249177c8c4,ND3E,2,829d3617,CASTLEVANIA,none,yes,no cartridge save,,,,,,,,,,,needs review,T64 at final area with two characters to kill Dracula.,https://gamefaqs.gamespot.com/n64/196882-castlevania/saves/1151,ND3E CASTLEVANIA (9 pages),"Saved at the final area with two characters, not 100%.",saves/analogue3d/Library/N64/Games/Castlevania 829d3617/controller_pak.img,saves/mister/Castlevania (USA) (Rev 2)_1.cpk,saves/emulator/CASTLEVANIA_Cont_1.mpk,saves/everdrive/Castlevania (USA) (Rev 2).mpk
Castlevania - Legacy of Darkness,Castlevania - Legacy of Darkness (USA).z64,ab13028c,879ead98f197fd05edda867655da5b1ce25aa5b8,ND4E,0,571f4aa3,CASTLEVANIA2,none,yes,no cartridge save,,,,,,,,,,,ready,"100%, All Characters, All Costumes, Hard Mode Unlocked",https://gamefaqs.gamespot.com/n64/196883-castlevania-legacy-of-darkness/saves/22810,ND4E CASTLEVANIA2 (17 pages),,saves/analogue3d/Library/N64/Games/Castlevania - Legacy of Darkness 571f4aa3/controller_pak.img,saves/mister/Castlevania - Legacy of Darkness (USA)_1.cpk,saves/emulator/CASTLEVANIA2_Cont_1.mpk,saves/everdrive/Castlevania - Legacy of Darkness (USA).mpk
Centre Court Tennis,Centre Court Tennis (Europe).z64,b1d26f39,c6f1251b4b7841220f670d8a0af844b34c5cfada,NTSP,0,80a25d85,CENTRE COURT TENNIS,none,yes,no cartridge save,,,,,,,,,,,not found,,,,,,,,
Chameleon Twist,Chameleon Twist (Japan) [T-En by Zoinkity v1.0].z64,6def366b,08691e8bf9bba1fde56b97ac6825d5dba68df5a2,NCTA,0,1f26bd88,Chameleon Twist,EEPROM 4Kbit,no,not found,,,,,,"Nothing on GameFAQs (or only other-platform saves), the GitHub collections, archive.org or speedrun.com.",,,,,no controller pak use,,,,,,,,
Chameleon Twist,Chameleon Twist (USA) (Rev 1).z64,7ff42fd0,4ca6d563131b4809fe1748335182816a024999d4,NCTE,1,46445057,Chameleon Twist,EEPROM 4Kbit,no,not found,,,,,,"Nothing on GameFAQs (or only other-platform saves), the GitHub collections, archive.org or speedrun.com.",,,,,no controller pak use,,,,,,,,
Chameleon Twist 2,Chameleon Twist 2 (USA).z64,cdf26d67,9fa379d66b218228da3cbf386c91d857c677f489,N2VE,0,6e74e8e6,Chameleon Twist2,none,yes,no cartridge save,,,,,,,,,,,ready,"All four characters with everything unlocked, T64.",https://gamefaqs.gamespot.com/n64/196897-chameleon-twist-2/saves/1153,N2VE CHAMELEON2 (5 pages),,saves/analogue3d/Library/N64/Games/Chameleon Twist 2 6e74e8e6/controller_pak.img,saves/mister/Chameleon Twist 2 (USA)_1.cpk,saves/emulator/Chameleon Twist2_Cont_1.mpk,saves/everdrive/Chameleon Twist 2 (USA).mpk
Charlie Blast's Territory,Charlie Blast's Territory (USA).z64,ba4e65a8,e11619c7a8e1c2a280ea3ac069cf11153d4951a6,NCBE,0,87607bb7,CHARLIE BLAST'S,none,no,no cartridge save,,,,,,,,,,,no controller pak use,,,,,,,,
Chopper Attack,Chopper Attack (USA).z64,aa5d76a9,1e3f1c94c806b2699c4e0e941190d468435b9f60,NCHE,0,c538030c,CHOPPER_ATTACK,EEPROM 4Kbit,no,not found,,,,,,"Nothing on GameFAQs (or only other-platform saves), the GitHub collections, archive.org or speedrun.com.",,,,,no controller pak use,,,,,,,,
Choro Q 64 2 - Hacha Mecha Grand Prix Race,Choro Q 64 2 - Hacha Mecha Grand Prix Race (Japan) [T-En by Zoinkity v1.0].z64,4c50d8c5,028acd55431d2170adf857d5d01f2de64e436a4d,NCGE,0,d2c68421,Á®ÛQ64 2,EEPROM 4Kbit,yes,not found (Controller Pak saves only),,,,,,Not convertible to a cartridge save. A Controller Pak save is provided instead (see pak columns).,,,,,needs review,Every Part and unlockable item saved,https://gamefaqs.gamespot.com/n64/576600-choro-q-64-2/saves/15517,NCGJ CHOROQ64 2 (123 pages),"Japanese save; untested with the English patch. Project64 names saves after the ROM header title, which is Shift-JIS here; file named after the ROM instead. Rename to match the save name Project64 creates.",saves/analogue3d/Library/N64/Games/Choro Q 64 2 - Hacha Mecha Grand Prix Race d2c68421/controller_pak.img,saves/mister/Choro Q 64 2 - Hacha Mecha Grand Prix Race (Japan) [T-En by Zoinkity v1.0]_1.cpk,saves/emulator/Choro Q 64 2 - Hacha Mecha Grand Prix Race (Japan) [T-En by Zoinkity v1.0]_Cont_1.mpk,saves/everdrive/Choro Q 64 2 - Hacha Mecha Grand Prix Race (Japan) [T-En by Zoinkity v1.0].mpk
Clay Fighter - Sculptor's Cut,Clay Fighter - Sculptor's Cut (USA).z64,434de656,28697fba130ded056bf7c497deaa3e154cce8022,NC2E,0,7b8f200d,Clayfighter SC,none,no,no cartridge save,,,,,,,,,,,no controller pak use,,,,,,,,
Clay Fighter 63 1-3,Clay Fighter 63 1-3 (USA).z64,3fa647dd,036873ab0d3107b2d9b3225a180f67daf0899365,NCFE,0,1c6de8f2,CLAYFIGHTER 63,none,no,no cartridge save,,,,,,,,,,,no controller pak use,,,,,,,,
Command & Conquer,Command & Conquer (USA).z64,3e9069ef,b559e86d98de598b1d25583ca082faa4b7c62641,NCCE,0,df587110,Command&Conquer,FlashRAM 1Mbit,no,not found (only a partial save),,,https://gamefaqs.gamespot.com/n64/196958-command-and-conquer/saves/15558,,,"Early-game save, not an unlock save.",,,,,no controller pak use,,,,,,,,
Conker's Bad Fur Day,Conker's Bad Fur Day (USA).z64,ce8cc172,4cbadd3c4e0729dec46af64ad018050eada4f47a,NFUE,0,20b8e93f,CONKER BFD,EEPROM 16Kbit,no,needs review,"100% done | In-file DexDrive comment: ""Game Completed""",TenebrusoM,https://gamefaqs.gamespot.com/n64/196973-conkers-bad-fur-day/saves/1086,Not stated,"Extracted cartridge-EEPROM backup note ""FUFU"" (code 3BADD1E5/FADE, 7 pages = 1792 B) from truncated DexDrive image; padded 1792->2048 B with 0xFF",Only 5 non-zero bytes in the dump; can't confirm it holds full progress. Linked as the 100% save on speedrun.com (RetroRuns).,saves/summercart64/Conker's Bad Fur Day (USA).sav,saves/mister/Conker's Bad Fur Day (USA).eep,saves/emulator/CONKER BFD.eep,saves/everdrive/Conker's Bad Fur Day (USA).eep,no controller pak use,,,,,,,,
Cruis'n Exotica,Cruis'n Exotica (USA).z64,867a2ced,428f53a060103fd88ebfbdcc032a99caea901e17,NXOE,0,2c00e5f4,CruisnExotica,EEPROM 4Kbit,no,not found,,,,,,"Nothing on GameFAQs (or only other-platform saves), the GitHub collections, archive.org or speedrun.com.",,,,,no controller pak use,,,,,,,,
Cruis'n USA,Cruis'n USA (USA) (Rev 2).z64,c3b52701,54a875ee0b482036fa401a6bc2b242699f0259f7,NCUE,2,ba0a217e,Cruis'n USA,EEPROM 4Kbit,yes,ready,NASE - All upgrades unlocked (including those for secret vehicles),xcinder360,https://gamefaqs.gamespot.com/n64/197003-cruisn-usa/saves/20515,Wii VC NASE (US release); ROM revision not stated,"Decrypted Wii data.bin (AES-128-CBC, SD key/IV from Dolphin source), extracted EEP_NCUE (16384 B VC container); trimmed to 512 B",Round 2. ROM is Rev 2; VC base revision unknown.,saves/summercart64/Cruis'n USA (USA) (Rev 2).sav,saves/mister/Cruis'n USA (USA) (Rev 2).eep,saves/emulator/Cruis'n USA.eep,saves/everdrive/Cruis'n USA (USA) (Rev 2).eep,not searched (has cartridge save),,,,,,,,
Cruis'n World,Cruis'n World (USA).z64,a123769f,6da1a6a2bda687d50e798d80c342948ad1738202,NCWE,0,290e8150,CRUIS'N WORLD,EEPROM 16Kbit,no,not found,,,,,,No saves on GameFAQs; none found elsewhere.,,,,,no controller pak use,,,,,,,,
Custom Robo,Custom Robo (Japan) [T-En by Star Trinket v1.0].z64,6b6ea7db,59d69f2a730eac3a9966e12f18b009c242023aa9,NCXE,0,aa661095,custom robo,EEPROM 4Kbit,no,not found,,,,,,"Nothing on GameFAQs (or only other-platform saves), the GitHub collections, archive.org or speedrun.com.",,,,,no controller pak use,,,,,,,,
CyberTiger,CyberTiger (USA).z64,10cc5f15,14e0635ccc2a80c77fd0a888a2e7977c55c6e129,NT4E,0,39a56f04,CyberTiger,none,yes,no cartridge save,,,,,,,,,,,ready,"All bonus costumes, characters and hidden volcano course unlocked.",https://gamefaqs.gamespot.com/n64/197025-cybertiger/saves/1990,NT4E CYBERTIGER (48 pages),,saves/analogue3d/Library/N64/Games/CyberTiger 39a56f04/controller_pak.img,saves/mister/CyberTiger (USA)_1.cpk,saves/emulator/CyberTiger_Cont_1.mpk,saves/everdrive/CyberTiger (USA).mpk
Dark Rift,Dark Rift (USA).z64,83fd222f,3254442626ca2f2ac74400dc1c6a306f5d1b6ceb,NDKE,0,9ad34ab6,DARK RIFT,none,no,no cartridge save,,,,,,,,,,,no controller pak use,,,,,,,,
Deadly Arts,Deadly Arts (USA).z64,3db8130e,aa8566669575e3fea05daf5688d4fe05df735cd9,NGAE,0,7721bb23,DeadlyArts,none,yes,no cartridge save,,,,,,,,,,,ready,"All of the characters unlocked, T64.",https://gamefaqs.gamespot.com/n64/197070-deadly-arts/saves/1155,NGAE DEADLY ARTS (2 pages); NGAE DEADLY ARTS (9 pages),,saves/analogue3d/Library/N64/Games/Deadly Arts 7721bb23/controller_pak.img,saves/mister/Deadly Arts (USA)_1.cpk,saves/emulator/DeadlyArts_Cont_1.mpk,saves/everdrive/Deadly Arts (USA).mpk
Densha de Go! 64,Densha de Go! 64 (Japan) [T-En by Zoinkity v1.01].z64,4cb52323,34c45fe569a22185da5c3e707cd7eee46ad82492,CD6Z,0,07b8f32e,ÃÞÝ¼¬ÃÞGO!64,none,no,no cartridge save,,,,,,,,,,,no controller pak use,,,,,,,,
Destruction Derby 64,Destruction Derby 64 (USA).z64,38f1b5d9,a2c0799e13566d1b723299592cfcac9387f25fa7,NDEE,0,f3ff6662,DESTRUCT DERBY,none,yes,no cartridge save,,,,,,,,,,,ready,"Has all tracks, cars and even some killer times and scores to beat!",https://gamefaqs.gamespot.com/n64/197105-destruction-derby-64/saves/1356,NDEE DESTRUCT DERBY (4 pages),,saves/analogue3d/Library/N64/Games/Destruction Derby 64 f3ff6662/controller_pak.img,saves/mister/Destruction Derby 64 (USA)_1.cpk,saves/emulator/DESTRUCT DERBY_Cont_1.mpk,saves/everdrive/Destruction Derby 64 (USA).mpk
Dezaemon 3D,Dezaemon 3D (Japan).z64,9e978488,1c10a85a2b6a782e6302b19c2387e2d58983a8d4,CDZJ,0,78e2c8e0,DEZAEMON3D,SRAM 768Kbit (banked),no,not found,,,,,,"Nothing on GameFAQs (or only other-platform saves), the GitHub collections, archive.org or speedrun.com.",,,,,no controller pak use,,,,,,,,
Diddy Kong Racing,"Diddy Kong Racing (USA) (En,Fr) (Rev 1).z64",5acca298,6d96743d46f8c0cd0edb0ec5600b003c89b93755,NDYE,1,40de0109,Diddy Kong Racing,EEPROM 4Kbit,yes,ready,"All ballons adventure 1, all ballons in adventure 2, and Drumstick and T.T. are unlocked as playable characters",TenebrusoM,https://gamefaqs.gamespot.com/n64/197118-diddy-kong-racing/saves/1101,Not stated,"Extracted cartridge-EEPROM backup note ""DYDY"" (code 3BADD1E5/FADE) from DexDrive image",Progress bytes match MattKimura's documented 100% DKR save. ROM is Rev 1; source revision unknown.,"saves/summercart64/Diddy Kong Racing (USA) (En,Fr) (Rev 1).sav","saves/mister/Diddy Kong Racing (USA) (En,Fr) (Rev 1).eep",saves/emulator/Diddy Kong Racing.eep,"saves/everdrive/Diddy Kong Racing (USA) (En,Fr) (Rev 1).eep",not searched (has cartridge save),,,,,,,,
Die Hard 64,Die Hard 64 (USA) (Proto) (Level 2).z64,d1d593cf,25282d4cb5c41affa4149e8bbb215f48e65bad8e,(blank in header),0,a2dfe36a,(blank header title; Project64 uses the ROM file name),none,no,no cartridge save,,,,,,,,,,,no controller pak use,,,,,,,,
Dinosaur Planet,Dinosaur Planet (USA) (Proto) (2000-12-01).z64,a7daf9fa,cb9760b49198f7b754593a01c8ed642211caacde,NDPE,0,0c35db9c,DINO PLANET,FlashRAM 1Mbit,no,not found,,,,,,"Nothing on GameFAQs (or only other-platform saves), the GitHub collections, archive.org or speedrun.com.",,,,,no controller pak use,,,,,,,,
Donald Duck - Goin' Quackers,"Donald Duck - Goin' Quackers (USA) (En,Fr,De,Es,It).z64",7fdec270,e31a7567d408c890065029ba537f830765b17d94,NDQE,0,ad688513,Donald Duck Goin' Qu,EEPROM 4Kbit,yes,not found (Controller Pak saves only),,,,,,Not convertible to a cartridge save. A Controller Pak save is provided instead (see pak columns).,,,,,needs review,Not stated,https://github.com/madmodder123/retropie_saves/blob/2848dd20b5c3b4958db6750f098ae1f62f1a2e6e/n64/Disney's%20Donald%20Duck%20-%20Goin'%20Quackers%20(U)%20[!].mpk,NDQE DONALD DUCK DON (1 pages),"USA save, completion not stated. GameFAQs has a PAL 100% save (#26082) kept in originals.",saves/analogue3d/Library/N64/Games/Donald Duck - Goin' Quackers ad688513/controller_pak.img,"saves/mister/Donald Duck - Goin' Quackers (USA) (En,Fr,De,Es,It)_1.cpk",saves/emulator/Donald Duck Goin' Qu_Cont_1.mpk,"saves/everdrive/Donald Duck - Goin' Quackers (USA) (En,Fr,De,Es,It).mpk"
Donkey Kong 64,Donkey Kong 64 (USA).z64,d44b4fc6,cf806ff2603640a748fca5026ded28802f1f4a50,NDOE,0,89239b0e,DONKEY KONG 64,EEPROM 16Kbit,no,ready,"101% completion with all 201 golden bananas, all 100 regular bananas for every kong in each world, all banana medals, all 20 banana fairies, all 10 crowns, all abilities, all mystery menu items unlocked including the donkey kong & jetpack games, and unlocked Krusha in multiplayer (100%)",MattKimura (collection maintainer; original save author not credited),https://github.com/MattKimura/Emulator-Saves/blob/6a7b097895ddbcf2fb32ec1491762893386ed762/100%25%20Saves/N64/DONKEY%20KONG%2064.eep,Not stated,padded 1792->2048 B with 0xFF,GameFAQs 101% upload (ACA) says the game isn't beaten and some bananas are missing; this one is complete. Project64 file was 1792 B.,saves/summercart64/Donkey Kong 64 (USA).sav,saves/mister/Donkey Kong 64 (USA).eep,saves/emulator/DONKEY KONG 64.eep,saves/everdrive/Donkey Kong 64 (USA).eep,no controller pak use,,,,,,,,
Doom 64,Doom 64 (USA) (Rev 1).z64,1d3a17b5,6fb0ce9c75bbe54b6e1ede337652b0221e5f2aad,NDME,1,9a5ccba2,Doom64,none,yes,no cartridge save,,,,,,,,,,,needs review,Saves for most levels,https://gamefaqs.gamespot.com/n64/197141-doom-64/saves/864,NDME DOOM 64 (2 pages),"Saves for most levels, not 100%. Doom 64 also uses passwords.",saves/analogue3d/Library/N64/Games/Doom 64 9a5ccba2/controller_pak.img,saves/mister/Doom 64 (USA) (Rev 1)_1.cpk,saves/emulator/Doom64_Cont_1.mpk,saves/everdrive/Doom 64 (USA) (Rev 1).mpk
Dr. Mario 64,Dr. Mario 64 (USA).z64,a4701927,a130d3622ce40e0158db2da4247101f6e92206fc,NN6E,0,3b356814,DR.MARIO 64,EEPROM 4Kbit,no,needs review,"Not stated per file. Repo README: saves focused on multiplayer content and unlockables (levels, characters, bonus levels).",madmodder123 (repo owner; original save author not credited),https://github.com/madmodder123/retropie_saves/blob/2848dd20b5c3b4958db6750f098ae1f62f1a2e6e/n64/Dr.%20Mario%2064%20(U)%20%5B!%5D.eep,(U) [!] (GoodN64 USA),none (copied as-is),Not on GameFAQs. Completion not stated.,saves/summercart64/Dr. Mario 64 (USA).sav,saves/mister/Dr. Mario 64 (USA).eep,saves/emulator/DR.MARIO 64.eep,saves/everdrive/Dr. Mario 64 (USA).eep,no controller pak use,,,,,,,,
Dragon Sword 64,Dragon Sword 64 (USA) (Proto) (1999-08-25).z64,2296b50d,4478a6405f61014478bbc35cee3a00ee1515d8ce,(blank in header),0,6a7f5559,DragonStorm,none,no,no cartridge save,,,,,,,,,,,no controller pak use,,,,,,,,
Dual Heroes,Dual Heroes (USA).z64,d09f4da8,8fd879ce53e211d33a689015a78cff3fdd39db09,NDHE,0,1935aa23,Dual heroes USA,none,yes,no cartridge save,,,,,,,,,,,ready,Everything done,https://gamefaqs.gamespot.com/n64/197169-dual-heroes/saves/1092,NDHE DUAL HEROES (20 pages),,saves/analogue3d/Library/N64/Games/Dual Heroes 1935aa23/controller_pak.img,saves/mister/Dual Heroes (USA)_1.cpk,saves/emulator/Dual heroes USA_Cont_1.mpk,saves/everdrive/Dual Heroes (USA).mpk
Duck Dodgers Starring Daffy Duck,"Duck Dodgers Starring Daffy Duck (USA) (En,Fr,Es).z64",3177a905,2c840e2991d6a2af63c4efe830240fc49d93fc9a,NDUE,0,6352a50d,LT DUCK DODGERS,EEPROM 4Kbit,no,not found,,,,,,"Nothing on GameFAQs (or only other-platform saves), the GitHub collections, archive.org or speedrun.com.",,,,,no controller pak use,,,,,,,,
Duke Nukem - Zero Hour,Duke Nukem - Zero Hour (USA).z64,9a3258d7,de4db292cc6cf5dd1dd1d3c9700cf8e5c3078410,NDZE,0,4a45416e,DUKE NUKEM ZERO HOUR,none,yes,no cartridge save,,,,,,,,,,,needs review,First two parts for time machine collected,https://gamefaqs.gamespot.com/n64/188913-duke-nukem-zero-hour/saves/2965,NDZE DUKE ZERO HOUR  . (17 pages),Early-game save only.,saves/analogue3d/Library/N64/Games/Duke Nukem - Zero Hour 4a45416e/controller_pak.img,saves/mister/Duke Nukem - Zero Hour (USA)_1.cpk,saves/emulator/DUKE NUKEM ZERO HOUR_Cont_1.mpk,saves/everdrive/Duke Nukem - Zero Hour (USA).mpk
Duke Nukem 64,Duke Nukem 64 (USA).z64,dbfd5a53,98d6778004becc672eba0a5e887f6e3f3d1b5c15,NDNE,0,e2bbf74f,DUKE NUKEM,none,yes,no cartridge save,,,,,,,,,,,needs review,Level 23 on the hardest diffculty setting.,https://gamefaqs.gamespot.com/n64/197176-duke-nukem-64/saves/11994,NDNE DUKE NUKEM L 27 (2 pages),Level 23 on hardest difficulty (one of 32 level saves).,saves/analogue3d/Library/N64/Games/Duke Nukem 64 e2bbf74f/controller_pak.img,saves/mister/Duke Nukem 64 (USA)_1.cpk,saves/emulator/DUKE NUKEM_Cont_1.mpk,saves/everdrive/Duke Nukem 64 (USA).mpk
Earthworm Jim 3D,Earthworm Jim 3D (USA).z64,9e6579c5,eab14f23640cd6148d4888902cdcc00dd6111bf9,NJME,0,68d163cf,EARTHWORM JIM 3D,EEPROM 4Kbit,no,not found,,,,,,"Nothing on GameFAQs (or only other-platform saves), the GitHub collections, archive.org or speedrun.com.",,,,,no controller pak use,,,,,,,,
ECW Hardcore Revolution,ECW Hardcore Revolution (USA).z64,36d368ef,d460dc1eb24ef3e1e27c6b125c8c8d8324a64125,NWIE,0,7093d06a,ECW Hardcore Revolut,none,yes,no cartridge save,,,,,,,,,,,ready,All the hidden wrestlers and cheats unlocked.,https://gamefaqs.gamespot.com/n64/197210-ecw-hardcore-revolution/saves/1000,NWIE ECW (1 pages),,saves/analogue3d/Library/N64/Games/ECW Hardcore Revolution 7093d06a/controller_pak.img,saves/mister/ECW Hardcore Revolution (USA)_1.cpk,saves/emulator/ECW Hardcore Revolut_Cont_1.mpk,saves/everdrive/ECW Hardcore Revolution (USA).mpk
Excitebike 64,Excitebike 64 (USA) (Rev 1).z64,143926ce,c2fac422af135409c1b38569b309f9d452c81c35,NMXE,1,ec535928,EXCITEBIKE64,EEPROM 16Kbit,yes,not found,,,,,,No saves on GameFAQs; none found in the GitHub/archive.org collections checked.,,,,,not found,,,,,,,,
Extreme-G,Extreme-G (USA).z64,04cb74ec,eb9b273431970a6124319a8fd125f0b2cacd8966,NEGE,0,7c59b2a4,extremeg,none,yes,no cartridge save,,,,,,,,,,,ready,Both extra bikes and the extra track unlocked (100 % complete),https://gamefaqs.gamespot.com/n64/197261-extreme-g/saves/9432,NEGE EXTREME-G (9 pages),,saves/analogue3d/Library/N64/Games/Extreme-G 7c59b2a4/controller_pak.img,saves/mister/Extreme-G (USA)_1.cpk,saves/emulator/extremeg_Cont_1.mpk,saves/everdrive/Extreme-G (USA).mpk
Extreme-G XG2,Extreme-G XG2 (USA).z64,81a4c28b,ed0a50086ef9a89f5b445c20ab6f365165959630,NG2E,0,3fbc42af,Extreme G 2,none,yes,no cartridge save,,,,,,,,,,,ready,Extra levels and characters unlocked.,https://gamefaqs.gamespot.com/n64/446010-extreme-g-2/saves/2329,NG2E XG-2 (36 pages),,saves/analogue3d/Library/N64/Games/Extreme-G XG2 3fbc42af/controller_pak.img,saves/mister/Extreme-G XG2 (USA)_1.cpk,saves/emulator/Extreme G 2_Cont_1.mpk,saves/everdrive/Extreme-G XG2 (USA).mpk
F-1 World Grand Prix,F-1 World Grand Prix (USA).z64,7dc9ef2c,dd17545adc8fe2af2a713ab48c5f71801222edaf,NFWE,0,eaec4252,F1 WORLD GRAND PRIX,EEPROM 4Kbit,no,not found,,,,,,"Nothing on GameFAQs (or only other-platform saves), the GitHub collections, archive.org or speedrun.com.",,,,,no controller pak use,,,,,,,,
F-1 World Grand Prix II,"F-1 World Grand Prix II (Europe) (En,Fr,De,Es).z64",803d33df,53ed343a757b8a14814732393d02b3d780bccab5,NF2P,0,1069f712,F1 WORLD GRAND PRIX2,EEPROM 4Kbit,no,not found,,,,,,"Nothing on GameFAQs (or only other-platform saves), the GitHub collections, archive.org or speedrun.com.",,,,,no controller pak use,,,,,,,,
F-Zero X,F-Zero X (USA).z64,0b561fba,5f658e88ffa9de23cba6986a8fd3d3a90d7b4340,CFZE,0,7a9cfa1e,F-ZERO X,SRAM 256Kbit,no,ready,"All cups unlocked and complete, all vehicles and difficulties unlocked, all staff ghosts beaten, every single trophy collected for every racer for every cup for every difficulty (100%)",MattKimura (collection maintainer; original save author not credited),https://github.com/MattKimura/Emulator-Saves/blob/6a7b097895ddbcf2fb32ec1491762893386ed762/100%25%20Saves/N64/F-ZERO%20X.sra,Not stated,byteswapped 32-bit words (Project64 order -> native big-endian),"GameFAQs has only partial saves (Master Class / Expert, and one ""Japan"" upload). This 100% one used instead. ""F-ZERO X"" header reads correctly after byteswap.",saves/summercart64/F-Zero X (USA).sav,saves/mister/F-Zero X (USA).sra,saves/emulator/F-ZERO X.sra,saves/everdrive/F-Zero X (USA).srm,no controller pak use,,,,,,,,
F1 Pole Position 64,"F1 Pole Position 64 (USA) (En,Fr,De).z64",30a24d89,6e6bdaefc9980f066cd2abc5fa7f29f2353ca8b1,NHGE,0,e0ea96b2,F1 POLE POSITION 64,none,yes,no cartridge save,,,,,,,,,,,ready,Game beaten and hold a & b buttons at loading screen to get a faster 96' forties car.,https://gamefaqs.gamespot.com/n64/197271-f1-pole-position-64/saves/1183,NHGE F1 POLE POSITION (70 pages),,saves/analogue3d/Library/N64/Games/F1 Pole Position 64 e0ea96b2/controller_pak.img,"saves/mister/F1 Pole Position 64 (USA) (En,Fr,De)_1.cpk",saves/emulator/F1 POLE POSITION 64_Cont_1.mpk,"saves/everdrive/F1 Pole Position 64 (USA) (En,Fr,De).mpk"
F1 Racing Championship,"F1 Racing Championship (Europe) (En,Fr,De,Es,It).z64",2da744f5,3bce20f58ef9f377299858b7f2dabd0a02d2e9b9,NFRP,0,c485c444,F1RacingChampionship,none,yes,no cartridge save,,,,,,,,,,,not found,,,,,,,,
FIFA - Road to World Cup 98,"FIFA - Road to World Cup 98 (USA) (En,Fr,De,Es,It,Nl,Sv).z64",28b1221c,148d6424d2135afefecde74092701c491027c23e,N8IE,0,887a8fe3,FIFA; RTWC 98,none,yes,no cartridge save,,,,,,,,,,,not found,,,,,,,,
FIFA 99,"FIFA 99 (USA) (En,Fr,De,Es,It,Nl,Pt,Sv).z64",6b2473a9,735062e593715f128d3aad435de0e7a899aed127,N9FE,0,bad023df,FIFA 99,none,yes,no cartridge save,,,,,,,,,,,not found,,,,,,,,
FIFA Soccer 64,"FIFA Soccer 64 (USA) (En,Fr,De).z64",57de7cab,603c5bf64497dca86c4eb802f97f1c32e75a68a8,N7IE,0,c3da78e3,FIFA Soccer 64,none,yes,no cartridge save,,,,,,,,,,,not found,,,,,,,,
Fighter Destiny 2,Fighter Destiny 2 (USA).z64,bb2563c6,1dc12cfd908f56debcad6cf582bfdfc23a3ad725,NFGE,0,5218eb6c,FIGHTER DESTINY2,EEPROM 4Kbit,yes,needs review,Not stated per file. Repo README: saves focused on multiplayer content and unlockables.,madmodder123 (repo owner; original save author not credited),https://github.com/madmodder123/retropie_saves/blob/2848dd20b5c3b4958db6750f098ae1f62f1a2e6e/n64/Fighter%27s%20Destiny%202%20%28U%29%20%5B%21%5D.eep,(U) [!] (GoodN64 USA),none (copied as-is),Round 2. Not on GameFAQs as a cart save. Completion not stated.,saves/summercart64/Fighter Destiny 2 (USA).sav,saves/mister/Fighter Destiny 2 (USA).eep,saves/emulator/FIGHTER DESTINY2.eep,saves/everdrive/Fighter Destiny 2 (USA).eep,not searched (has cartridge save),,,,,,,,
Fighters Destiny,Fighters Destiny (USA).z64,f45ea789,f87e1677602e38bac962424042e289ec58ec37b2,NKAE,0,b5ce1a05,Fighter's Destiny,EEPROM 4Kbit,yes,needs review,"Not stated per file. Repo README: saves focused on multiplayer content and unlockables (levels, characters, bonus levels).",madmodder123 (repo owner; original save author not credited),https://github.com/madmodder123/retropie_saves/blob/2848dd20b5c3b4958db6750f098ae1f62f1a2e6e/n64/Fighter%27s%20Destiny%20(U)%20%5B!%5D.eep,(U) [!] (GoodN64 USA),none (copied as-is),Not on GameFAQs. Completion not stated.,saves/summercart64/Fighters Destiny (USA).sav,saves/mister/Fighters Destiny (USA).eep,saves/emulator/Fighter's Destiny.eep,saves/everdrive/Fighters Destiny (USA).eep,not searched (has cartridge save),,,,,,,,
Fighting Force 64,Fighting Force 64 (USA).z64,8456841e,6b4e78201ad5c5d0bd932652f233d9732316cdc2,NFFE,0,6101e995,Fighting Force,none,yes,no cartridge save,,,,,,,,,,,needs review,Starts you at the final save point in the game,https://gamefaqs.gamespot.com/n64/197332-fighting-force-64/saves/1076,NFFE FIGHTING FORCE (1 pages),"Final save point, unlocks not stated.",saves/analogue3d/Library/N64/Games/Fighting Force 64 6101e995/controller_pak.img,saves/mister/Fighting Force 64 (USA)_1.cpk,saves/emulator/Fighting Force_Cont_1.mpk,saves/everdrive/Fighting Force 64 (USA).mpk
Flying Dragon,Flying Dragon (USA).z64,91bc9aeb,5472fe1dcaaacaecba8d1bed8eab4a2146e58665,NFDE,0,5b7cafac,FLYING DRAGON,none,yes,no cartridge save,,,,,,,,,,,not found,,,,,,,,
Forsaken 64,Forsaken 64 (USA).z64,76c4333d,7c670b224acfa960df902c866febb679806cb3fb,NFOE,0,e2207801,Forsaken,none,yes,no cartridge save,,,,,,,,,,,ready,Everything unlocked,https://gamefaqs.gamespot.com/n64/197377-forsaken-64/saves/1079,NFOE FORSAKEN (1 pages),,saves/analogue3d/Library/N64/Games/Forsaken 64 e2207801/controller_pak.img,saves/mister/Forsaken 64 (USA)_1.cpk,saves/emulator/Forsaken_Cont_1.mpk,saves/everdrive/Forsaken 64 (USA).mpk
Fox Sports College Hoops '99,Fox Sports College Hoops '99 (USA).z64,67eaf0f3,a8ce01a7d6d01be19ffb87cb54cc069494efb596,NF9E,0,48283c1b,Fox Sports Hoops 99,none,yes,no cartridge save,,,,,,,,,,,not found,,,,,,,,
Frogger 2,Frogger 2 (USA) (Proto 2).z64,a8f81f39,412d60ec37b71621368fe1885272f74385a7c5a3,NGVE,1,46d794e1,Frogger2,EEPROM 4Kbit,no,not found,,,,,,"Nothing on GameFAQs (or only other-platform saves), the GitHub collections, archive.org or speedrun.com.",,,,,no controller pak use,,,,,,,,
Gauntlet Legends,Gauntlet Legends (USA).z64,64765e82,0489dcce749c6a5102681d288ed0616a4b94e99d,NGXE,0,f43db086,GAUNTLET LEGENDS,none,yes,no cartridge save,,,,,,,,,,,needs review,"Two game saves, Koric and Lori. On the last level with very high levels on each.",https://gamefaqs.gamespot.com/n64/197431-gauntlet-legends/saves/2321,NGXE GAUNTLET KORIC (4 pages); NGXE GAUNTLET LORI (4 pages),Two high-level characters on the last level.,saves/analogue3d/Library/N64/Games/Gauntlet Legends f43db086/controller_pak.img,saves/mister/Gauntlet Legends (USA)_1.cpk,saves/emulator/GAUNTLET LEGENDS_Cont_1.mpk,saves/everdrive/Gauntlet Legends (USA).mpk
Gex 3 - Deep Cover Gecko,Gex 3 - Deep Cover Gecko (USA).z64,87a7d099,467bc88942e02d542e1a4705dcab98ab7281819f,NX3E,0,adf6fa75,Gex 3 Deep Cover Gec,none,yes,no cartridge save,,,,,,,,,,,not found,,,,,,,,
Gex 64 - Enter the Gecko,Gex 64 - Enter the Gecko (USA).z64,c545ce80,16042cd0dfa5439ca436f1bf05ebfb7e9f730cda,NX2E,0,bb2a1db7,GEX; ENTER THE GECKO,none,yes,no cartridge save,,,,,,,,,,,needs review,"All remotes, all levels available",https://gamefaqs.gamespot.com/n64/197442-gex-3-deep-cover-gecko/saves/861,NX2E GEX:SLODETH (1 pages),"Uploaded under Gex 3 on GameFAQs but holds a Gex 64 note. Uploader says ""All remotes, all levels available"", which reads like a Gex 3 description, so completion is unclear.",saves/analogue3d/Library/N64/Games/Gex 64 - Enter the Gecko bb2a1db7/controller_pak.img,saves/mister/Gex 64 - Enter the Gecko (USA)_1.cpk,saves/emulator/GEX; ENTER THE GECKO_Cont_1.mpk,saves/everdrive/Gex 64 - Enter the Gecko (USA).mpk
Glover,Glover (USA).z64,f874571c,270be17b3c8da9b88a7b99c2a545b0bce16837f4,NGVE,0,b9f1cb91,Glover,EEPROM 4Kbit,no,not found,,,,,,"Nothing on GameFAQs (or only other-platform saves), the GitHub collections, archive.org or speedrun.com.",,,,,no controller pak use,,,,,,,,
Glover 2,Glover 2 (USA) (Proto 2).z64,400aecc7,9e2d87385cf0b3b250222bc5e5ffc2750e13393b,NGVE,1,a4620e2b,Glover2,EEPROM 4Kbit,no,not found,,,,,,"Nothing on GameFAQs (or only other-platform saves), the GitHub collections, archive.org or speedrun.com.",,,,,no controller pak use,,,,,,,,
Goemon's Great Adventure,Goemon's Great Adventure (USA).z64,52d418e1,9f9e860816f9e2a68bb5f4f56086e0c7450c64d7,NGME,0,17e9b6a1,GOEMONS GREAT ADV,none,yes,no cartridge save,,,,,,,,,,,ready,The game is 100% completed. All 44 passes obtained. All 12 alternative costumes unlocked. 99 Lives. 999 coins.,https://gamefaqs.gamespot.com/n64/915334-goemons-great-adventure/saves/29441,NGME GREAT GOEMON (7 pages),,saves/analogue3d/Library/N64/Games/Goemon's Great Adventure 17e9b6a1/controller_pak.img,saves/mister/Goemon's Great Adventure (USA)_1.cpk,saves/emulator/GOEMONS GREAT ADV_Cont_1.mpk,saves/everdrive/Goemon's Great Adventure (USA).mpk
Golden Nugget 64,Golden Nugget 64 (USA).z64,70594d3c,1c0b0e11804585a17fe1f8776cf5744963d5e2d7,NGNE,0,f0e918ff,GOLDEN NUGGET 64,none,yes,no cartridge save,,,,,,,,,,,not found,,,,,,,,
GoldenEye 007,GoldenEye 007 (USA).z64,b6330846,abe01e4aeb033b6c0836819f549c791b26cfde83,NGEE,0,ac631da0,GOLDENEYE,EEPROM 4Kbit,no,ready,"All cheats and All levels completed | In-file DexDrive comment: ""All Cheats and game Completed""",TenebrusoM,https://gamefaqs.gamespot.com/n64/197462-goldeneye-007/saves/1080,Not stated,"Extracted cartridge-EEPROM backup note ""GEGE"" (code 3BADD1E5/FADE) from DexDrive image",,saves/summercart64/GoldenEye 007 (USA).sav,saves/mister/GoldenEye 007 (USA).eep,saves/emulator/GOLDENEYE.eep,saves/everdrive/GoldenEye 007 (USA).eep,no controller pak use,,,,,,,,
GT 64 - Championship Edition,GT 64 - Championship Edition (USA).z64,bc627da7,b941246af78748f4e081f496dac0a9e2056d3d8d,NGCE,0,84d0e2e4,GT64,EEPROM 16Kbit,yes,not found,,,,,,"Nothing on GameFAQs (or only other-platform saves), the GitHub collections, archive.org or speedrun.com.",,,,,not found,,,,,,,,
Harukanaru Augusta - Masters '98,Harukanaru Augusta - Masters '98 (Japan).z64,51228f0c,08af498bca98c79e3fa18c9c860091d5eb952e6e,NM9J,0,932cfbf9,MASTERS'98,none,yes,no cartridge save,,,,,,,,,,,not found,,,,,,,,
Harvest Moon 64,Harvest Moon 64 (USA).z64,decdc0ad,90631460f1876a14849df0541d534012b410a34c,NYWE,0,9bfffb3f,HARVESTMOON64,SRAM 256Kbit,no,not found,,,,,,No saves on GameFAQs; none found elsewhere.,,,,,not found,,,,,,,,
Hercules - The Legendary Journeys,Hercules - The Legendary Journeys (USA).z64,4948892b,5c3c4345be505763fc51a9e3713f5787e4044646,NHCE,0,8c6894b8,HERCULES,none,yes,no cartridge save,,,,,,,,,,,needs review,"Up to town San Tomanicus, ready to beat the third minotaur.",https://gamefaqs.gamespot.com/n64/197546-hercules-the-legendary-journeys/saves/255,NHCE HERCULES (16 pages),"Mid-game save, not 100%.",saves/analogue3d/Library/N64/Games/Hercules - The Legendary Journeys 8c6894b8/controller_pak.img,saves/mister/Hercules - The Legendary Journeys (USA)_1.cpk,saves/emulator/HERCULES_Cont_1.mpk,saves/everdrive/Hercules - The Legendary Journeys (USA).mpk
Hexen,Hexen (USA).z64,1d35e110,a602839132f6cca71f175fb72039897705ba4661,NHXE,0,f61d66e3,HEXEN,none,yes,no cartridge save,,,,,,,,,,,not found,,,,,,,,
"Hey You, Pikachu!","Hey You, Pikachu! (USA).z64",b18b2734,da1a1e47a86720f9d54fb2d2d247480041bda824,NPGE,0,32cb1b48,"hey you, pikachu",EEPROM 4Kbit,no,not found,,,,,,"Nothing on GameFAQs (or only other-platform saves), the GitHub collections, archive.org or speedrun.com.",,,,,no controller pak use,,,,,,,,
Hot Wheels - Turbo Racing,Hot Wheels - Turbo Racing (USA).z64,a5c92148,94913a07e49005ffd43dfdfa16ff5862bdb93748,NHWE,0,ba557b6b,HOT WHEELS TURBO,none,yes,no cartridge save,,,,,,,,,,,ready,The T64 save with everything unlocked.,https://gamefaqs.gamespot.com/n64/197576-hot-wheels-turbo-racing/saves/1133,NHWE HOT WHEELS (28 pages),,saves/analogue3d/Library/N64/Games/Hot Wheels - Turbo Racing ba557b6b/controller_pak.img,saves/mister/Hot Wheels - Turbo Racing (USA)_1.cpk,saves/emulator/HOT WHEELS TURBO_Cont_1.mpk,saves/everdrive/Hot Wheels - Turbo Racing (USA).mpk
Hybrid Heaven,Hybrid Heaven (USA).z64,15b57ef8,16dbc21620b52deab5c5abf8a309ac60adfbee85,NHVE,0,91d646c4,HYBRID HEAVEN USA,none,yes,no cartridge save,,,,,,,,,,,needs review,"Level 3.1, Normal Difficulty.",https://gamefaqs.gamespot.com/n64/197592-hybrid-heaven/saves/2922,NHVE HYBRID HEAVEN.0 (53 pages),"Mid-game save (Level 3.1), not 100%. Removed 4 other-game note(s) from the source pak.",saves/analogue3d/Library/N64/Games/Hybrid Heaven 91d646c4/controller_pak.img,saves/mister/Hybrid Heaven (USA)_1.cpk,saves/emulator/HYBRID HEAVEN USA_Cont_1.mpk,saves/everdrive/Hybrid Heaven (USA).mpk
Hydro Thunder,Hydro Thunder (USA).z64,e744456f,f5d5054f97da0d68857f9824130147ec38ee7a76,NHTE,0,ac5f19fa,HYDRO THUNDER,none,yes,no cartridge save,,,,,,,,,,,ready,All watercraft and levels unlocked,https://gamefaqs.gamespot.com/n64/197595-hydro-thunder/saves/1510,NHTE HYDRO THUNDER (6 pages),,saves/analogue3d/Library/N64/Games/Hydro Thunder ac5f19fa/controller_pak.img,saves/mister/Hydro Thunder (USA)_1.cpk,saves/emulator/HYDRO THUNDER_Cont_1.mpk,saves/everdrive/Hydro Thunder (USA).mpk
Iggy's Reckin' Balls,Iggy's Reckin' Balls (USA).z64,6a6fbd5d,1a32230e0ef147b3c8c07ece5aec96458286b4af,NWBE,0,8433d173,Iggy's Reckin' Balls,none,yes,no cartridge save,,,,,,,,,,,not found,,,,,,,,
In-Fisherman - Bass Hunter 64,In-Fisherman - Bass Hunter 64 (USA).z64,d8eb5e6e,4aa373e23876c89a549c98036f456b564d779217,NFHE,0,c2494e54,BASS HUNTER 64,EEPROM 4Kbit,no,not found,,,,,,"Nothing on GameFAQs (or only other-platform saves), the GitHub collections, archive.org or speedrun.com.",,,,,no controller pak use,,,,,,,,
Indiana Jones and the Infernal Machine,Indiana Jones and the Infernal Machine (USA).z64,4978eb57,93300d63412d6c7432109b5ad2e4a8b9348e9538,NIJE,0,474fe11b,Indiana Jones,EEPROM 4Kbit,no,not found,,,,,,"Nothing on GameFAQs (or only other-platform saves), the GitHub collections, archive.org or speedrun.com.",,,,,no controller pak use,,,,,,,,
Indy Racing 2000,Indy Racing 2000 (USA).z64,a5163f29,015bf0e0bc700a80a2606d3578e4a9b7645e99ec,NICE,0,ba67d4e1,INDY RACING 2000,EEPROM 4Kbit,no,not found,,,,,,"Nothing on GameFAQs (or only other-platform saves), the GitHub collections, archive.org or speedrun.com.",,,,,no controller pak use,,,,,,,,
International Superstar Soccer '98,International Superstar Soccer '98 (USA).z64,b85fa721,053735184d414e0a1bbd888f3c931252ea1b92fd,NWSE,0,f785edb4,I.S.S.98,none,yes,no cartridge save,,,,,,,,,,,needs review,6 All-star teams unlocked. For PAL version,https://gamefaqs.gamespot.com/n64/574489-international-superstar-soccer-98/saves/33815,NWSP I.S.S.98 (118 pages),PAL save relabeled to the USA game code; may not load.,saves/analogue3d/Library/N64/Games/International Superstar Soccer '98 f785edb4/controller_pak.img,saves/mister/International Superstar Soccer '98 (USA)_1.cpk,saves/emulator/I.S.S.98_Cont_1.mpk,saves/everdrive/International Superstar Soccer '98 (USA).mpk
International Superstar Soccer 2000,"International Superstar Soccer 2000 (USA) (En,Es) (Rev 1).z64",4c433fdd,47a993fe1316dfd9e208603370d3dddae05f1d1b,NISE,1,1d7fccfe,I.S.S.2000,none,yes,no cartridge save,,,,,,,,,,,needs review,"6 All-stars teams unlocked. For PAL En/De version, just rename to .mpk",https://gamefaqs.gamespot.com/n64/562991-international-superstar-soccer-2000/saves/33816,NISX I.S.S.2000 (122 pages),PAL save relabeled to the USA game code; may not load.,saves/analogue3d/Library/N64/Games/International Superstar Soccer 2000 1d7fccfe/controller_pak.img,"saves/mister/International Superstar Soccer 2000 (USA) (En,Es) (Rev 1)_1.cpk",saves/emulator/I.S.S.2000_Cont_1.mpk,"saves/everdrive/International Superstar Soccer 2000 (USA) (En,Es) (Rev 1).mpk"
International Superstar Soccer 64,International Superstar Soccer 64 (USA).z64,0ea249b9,d2c258ee3844be77049e4af5208f8f2bb073a86e,NJPE,0,17e4aeb2,I S S 64,none,yes,no cartridge save,,,,,,,,,,,needs review,"6 All-star teams unlocks. For PAL version, just rename to .mpk",https://gamefaqs.gamespot.com/n64/197641-international-superstar-soccer-64/saves/33818,NJPP I.S.S.64 (61 pages),PAL save relabeled to the USA game code; may not load.,saves/analogue3d/Library/N64/Games/International Superstar Soccer 64 17e4aeb2/controller_pak.img,saves/mister/International Superstar Soccer 64 (USA)_1.cpk,saves/emulator/I S S 64_Cont_1.mpk,saves/everdrive/International Superstar Soccer 64 (USA).mpk
International Track & Field 2000,International Track & Field 2000 (USA).z64,da443f0b,61d7958e61b50fd933faf5d3ae70807fa53818fb,N3HE,0,4923d13b,ITF 2000,none,yes,no cartridge save,,,,,,,,,,,needs review,"All 14 Gold Medals obtained, all 4 hidden events unlocked",https://gamefaqs.gamespot.com/n64/258825-international-track-and-field-2000/saves/11665,N3HP ITF SUMMERGAMES (20 pages),PAL save relabeled to the USA game code; may not load.,saves/analogue3d/Library/N64/Games/International Track & Field 2000 4923d13b/controller_pak.img,saves/mister/International Track & Field 2000 (USA)_1.cpk,saves/emulator/ITF 2000_Cont_1.mpk,saves/everdrive/International Track & Field 2000 (USA).mpk
J.League Live 64,J.League Live 64 (Japan) [T-En by Zoinkity v1.0].z64,41b82889,9874a423f5c86ff6ec1c88542f795de14fb2cb15,NJLE,0,8fae5e17,J LEAGUE LIVE 64,none,yes,no cartridge save,,,,,,,,,,,not found,,,,,,,,
Jeopardy!,Jeopardy! (USA).z64,e739947c,c5bcf3eff6bcdd9e7846ce5fd5db3095db9c58ed,NJOE,0,be433913,JEOPARDY!,none,no,no cartridge save,,,,,,,,,,,no controller pak use,,,,,,,,
Jeremy McGrath Supercross 2000,Jeremy McGrath Supercross 2000 (USA).z64,2a5c9a06,278ad55333b7b75970812ecb9e691111ca3cfc46,NCOE,0,563b66fa,Jeremy McGrath Super,none,yes,no cartridge save,,,,,,,,,,,not found,,,,,,,,
Jet Force Gemini,Jet Force Gemini (USA).z64,6753d5a3,493ced9008dbe932d6e91179b68e8630cf23a023,NJFE,0,8cad7830,JET FORCE GEMINI,FlashRAM 1Mbit,no,needs review,Jet Force Gemini Almost 100% Main Menu Unlockables,OmegaVideoGameG,https://gamefaqs.gamespot.com/n64/197682-jet-force-gemini/saves/27295,Not stated,byteswapped 32-bit words (Project64 order -> native big-endian); padded 114816->131072 B with 0xFF,"""Almost 100%"". Byte order inferred: same layout as madmodder's JFG .fla, whose sibling .sra files are confirmed Project64 order. File was 114816 B.",saves/summercart64/Jet Force Gemini (USA).sav,saves/mister/Jet Force Gemini (USA).fla,saves/emulator/JET FORCE GEMINI.fla,saves/everdrive/Jet Force Gemini (USA).fla,no controller pak use,,,,,,,,
John Romero's Daikatana,John Romero's Daikatana (USA).z64,494950c6,08709013d512f3a2bed65b98ab451ec8b839d3b4,NDWE,0,7883f218,DAIKATANA,none,yes,no cartridge save,,,,,,,,,,,not found,,,,,,,,
Ken Griffey Jr.'s Slugfest,Ken Griffey Jr.'s Slugfest (USA).z64,12d8f3e9,ec33cd4d44bba163f89e435c2aefbf7313d8cece,NKJE,0,3884976c,KEN GRIFFEY SLUGFEST,FlashRAM 1Mbit,no,not found,,,,,,"Nothing on GameFAQs (or only other-platform saves), the GitHub collections, archive.org or speedrun.com.",,,,,no controller pak use,,,,,,,,
Killer Instinct Gold,Killer Instinct Gold (USA) (Rev 2).z64,0b5b5df8,aaeb492b1e538af65a3544a97240675ef438a04f,NKIE,2,9df2a0fb,Killer Instinct Gold,EEPROM 4Kbit,yes,not found (Controller Pak saves only),,,,,,Not convertible to a cartridge save. A Controller Pak save is provided instead (see pak columns).,,,,,ready,Everything Unlocked,https://gamefaqs.gamespot.com/n64/197715-killer-instinct-gold/saves/539,NKIE KI GOLD  DATA (3 pages),,saves/analogue3d/Library/N64/Games/Killer Instinct Gold 9df2a0fb/controller_pak.img,saves/mister/Killer Instinct Gold (USA) (Rev 2)_1.cpk,saves/emulator/Killer Instinct Gold_Cont_1.mpk,saves/everdrive/Killer Instinct Gold (USA) (Rev 2).mpk
Kirby 64,Kirby 64 - The Crystal Shards (USA).z64,20a1c120,6cea2d46b929a3bb347b060a77fccc83526fb855,NK4E,0,c2a949f2,Kirby64,EEPROM 4Kbit,no,ready,"NAME - All Crystal Shards, Boss Battles, All Mini Game Difficulties Unlocked!",theL0cke,https://gamefaqs.gamespot.com/n64/250600-kirby-64-the-crystal-shards/saves/19158,Wii VC NAME (US release); ROM revision not stated,"Decrypted Wii data.bin (AES-128-CBC, SD key/IV taken from Dolphin source), extracted EEP_NK4E (16384 B VC container); trimmed to 512 B","SC64 menu treats Kirby as 4Kbit, MiSTer as 16Kbit. Main save block is identical in both layouts (checked against 4Kbit Project64 saves), so SC64 gets the first 512 B and MiSTer the first 2048 B (adds the 16Kbit backup copy).",saves/summercart64/Kirby 64 - The Crystal Shards (USA).sav,saves/mister/Kirby 64 - The Crystal Shards (USA).eep,saves/emulator/Kirby64.eep,saves/everdrive/Kirby 64 - The Crystal Shards (USA).eep,no controller pak use,,,,,,,,
Knife Edge - Nose Gunner,Knife Edge - Nose Gunner (USA).z64,255ee1dd,b247167e37e7f62924be6b0d2362a091fd2352ac,NKEE,0,34c2c4a8,KNIFE EDGE,none,no,no cartridge save,,,,,,,,,,,no controller pak use,,,,,,,,
Knockout Kings 2000,Knockout Kings 2000 (USA).z64,074690d6,ae7229676da9acb39becb03246969693585b7728,NKKE,0,2fa7d906,Knockout Kings 2000,none,yes,no cartridge save,,,,,,,,,,,not found,,,,,,,,
Kobe Bryant in NBA Courtside,Kobe Bryant in NBA Courtside (USA).z64,86360bfb,49346b3124750c14dddf56b9bb2fe38b618f28f2,NNBE,0,717cb88d,NBA COURTSIDE,EEPROM 16Kbit,yes,not found,,,,,,"Nothing on GameFAQs (or only other-platform saves), the GitHub collections, archive.org or speedrun.com.",,,,,not found,,,,,,,,
Last Legion UX,Last Legion UX (Japan) [T-En by Zoinkity v1.0].z64,d08a2ccd,41b4decb1330ba5d091750ae512ed8e729243843,NLLE,0,43d40887,LASTLEGION UX,EEPROM 4Kbit,no,not found,,,,,,"Nothing on GameFAQs (or only other-platform saves), the GitHub collections, archive.org or speedrun.com.",,,,,no controller pak use,,,,,,,,
The Legend of Zelda: Majora's Mask,"Legend of Zelda, The - Majora's Mask (USA).z64",b428d8a7,d6133ace5afaa0882cf214cf88daba39e266c078,NZSE,0,8e94f2dd,ZELDA MAJORA'S MASK,FlashRAM 1Mbit,no,ready,"NARE - 100% Complete! 24 Masks, 6 Bottles, 20 hearts, All Items, All Songs, All Great Fairy Items! Fierce Deity Mask! Bomber's Notebook Complete!",donutmanstorm,https://gamefaqs.gamespot.com/n64/197770-the-legend-of-zelda-majoras-mask/saves/19354,Wii VC NARE (US release); ROM revision not stated,"Decrypted Wii data.bin (AES-128-CBC, SD key/IV taken from Dolphin source), extracted EEP_NZSE (262144 B VC container); trimmed to 131072 B","""ZELDA3"" headers valid in native order. Unwritten areas keep the VC fill byte 0xAA.","saves/summercart64/Legend of Zelda, The - Majora's Mask (USA).sav","saves/mister/Legend of Zelda, The - Majora's Mask (USA).fla",saves/emulator/ZELDA MAJORA'S MASK.fla,"saves/everdrive/Legend of Zelda, The - Majora's Mask (USA).fla",no controller pak use,,,,,,,,
The Legend of Zelda: Ocarina of Time,"Legend of Zelda, The - Ocarina of Time (USA) (Rev 1).z64",3fd2151e,d3ecb253776cd847a5aa63d859d8c89a2f37b364,CZLE,1,53d8a515,THE LEGEND OF ZELDA,SRAM 256Kbit,no,revision mismatch,"File 1 - Name: Link, 100% Complete, All 100 Gold Skulltulas Defeated, All Heart Pieces Collected, All Items and Upgrades Obtained",JohnThePikachu,https://gamefaqs.gamespot.com/n64/197771-the-legend-of-zelda-ocarina-of-time/saves/30445,"Wii VC NACE (US Wii VC, built on v1.2)","Decrypted Wii data.bin (AES-128-CBC, SD key/IV taken from Dolphin source), extracted RAM_CZLE (32768 B)","Revision mismatch, test before trusting: VC is based on v1.2, your ROM is Rev 1 (v1.1). ""ZELDAZ"" headers valid in native order.","saves/summercart64/Legend of Zelda, The - Ocarina of Time (USA) (Rev 1).sav","saves/mister/Legend of Zelda, The - Ocarina of Time (USA) (Rev 1).sra",saves/emulator/THE LEGEND OF ZELDA.sra,"saves/everdrive/Legend of Zelda, The - Ocarina of Time (USA) (Rev 1).srm",no controller pak use,,,,,,,,
LEGO Racers,"LEGO Racers (USA) (En,Fr,De,Es,It,Nl,Sv,No,Da,Fi).z64",4d1e1897,8decc41869926e20da2eb3da526e6395aa33cece,NLGE,0,5172939b,LEGORacers,none,yes,no cartridge save,,,,,,,,,,,needs review,Not stated,https://github.com/madmodder123/retropie_saves/blob/2848dd20b5c3b4958db6750f098ae1f62f1a2e6e/n64/LEGO%20Racers%20(U)%20[!].mpk,NLGE LEGORAC1 (62 pages),Completion not stated.,saves/analogue3d/Library/N64/Games/LEGO Racers 5172939b/controller_pak.img,"saves/mister/LEGO Racers (USA) (En,Fr,De,Es,It,Nl,Sv,No,Da,Fi)_1.cpk",saves/emulator/LEGORacers_Cont_1.mpk,"saves/everdrive/LEGO Racers (USA) (En,Fr,De,Es,It,Nl,Sv,No,Da,Fi).mpk"
Lode Runner 3-D,Lode Runner 3-D (USA).z64,4ea07453,d3a13c0cfdff835fdf87d5dc7c5149fba564877f,NLRE,0,12e55d5e,Lode Runner 3D,EEPROM 4Kbit,no,not found,,,,,,"Nothing on GameFAQs (or only other-platform saves), the GitHub collections, archive.org or speedrun.com.",,,,,no controller pak use,,,,,,,,
Mace - The Dark Age,Mace - The Dark Age (USA).z64,d2a363a6,05d82a2c73ac536180b68137dbb9972a9e8e883e,NMEE,0,871bbc72,MACE,none,no,no cartridge save,,,,,,,,,,,no controller pak use,,,,,,,,
Madden Football 64,Madden Football 64 (USA).z64,42e5fafa,b0de34b759f18ad86d39a4c68c9840d35ce25809,N8ME,0,7ca344cc,MADDEN 64,none,yes,no cartridge save,,,,,,,,,,,not found,,,,,,,,
Madden NFL 2000,Madden NFL 2000 (USA).z64,ef5f997b,ec01de96960ea23a9ee997f4456c5c8ee7baf7e4,NMDE,0,ba12a9a9,Madden NFL 2000,none,yes,no cartridge save,,,,,,,,,,,not found,,,,,,,,
Madden NFL 2001,Madden NFL 2001 (USA).z64,245eaee8,93f5ba646098e1aa45ecec6312604a0932edd24b,NFLE,0,e009a99c,Madden NFL 2001,none,yes,no cartridge save,,,,,,,,,,,not found,,,,,,,,
Madden NFL 2002,Madden NFL 2002 (USA).z64,f573f107,de51147a238158adc059d0cc75fd39bbb08dcfc6,N2ME,0,636c6ff8,Madden NFL 2002,none,yes,no cartridge save,,,,,,,,,,,not found,,,,,,,,
Madden NFL 99,Madden NFL 99 (USA) (Rev 1).z64,56769a44,68c0c53489b790568acb1d863b74b89975db4a62,N9ME,1,555ea2fb,MADDEN NFL 99,none,yes,no cartridge save,,,,,,,,,,,not found,,,,,,,,
Magical Tetris Challenge,Magical Tetris Challenge (USA).z64,22fe979c,ca3fbd17406031a88e04bb79959d851550b641d0,NMTE,0,dd780abf,MAGICAL TETRIS,none,no,no cartridge save,,,,,,,,,,,no controller pak use,,,,,,,,
Major League Baseball Featuring Ken Griffey Jr,Major League Baseball featuring Ken Griffey Jr. (USA).z64,2ef1ea20,54b8c97523089d92754c2582a7b7a43246947122,NKGE,0,04243654,MLB FEATURING K G JR,SRAM 256Kbit,yes,not found,,,,,,"Nothing on GameFAQs (or only other-platform saves), the GitHub collections, archive.org or speedrun.com.",,,,,not found,,,,,,,,
Mario Golf,Mario Golf (USA).z64,2fc4c216,e2c4e7a905b29529b49a1619a401fe699224829b,NMFE,0,646054a7,MarioGolf64,SRAM 256Kbit,no,ready,NAUE - 100% Completed,Maldorth,https://gamefaqs.gamespot.com/n64/197859-mario-golf/saves/23691,Wii VC NAUE (US release); ROM revision not stated,"Decrypted Wii data.bin (AES-128-CBC, SD key/IV taken from Dolphin source), extracted RAM_NMFE (49152 B VC container); trimmed to 32768 B","Matches the byteswapped MattKimura Project64 copy byte-for-byte in the used area, confirming byte order.",saves/summercart64/Mario Golf (USA).sav,saves/mister/Mario Golf (USA).sra,saves/emulator/MarioGolf64.sra,saves/everdrive/Mario Golf (USA).srm,no controller pak use,,,,,,,,
Mario Kart 64,Mario Kart 64 (USA).z64,434389c1,579c48e211ae952530ffc8738709f078d5dd215e,NKTE,0,03cc04ee,MARIOKART64,EEPROM 4Kbit,yes,ready,"100% completed | In-file DexDrive comment: ""Everything Completed""",TenebrusoM,https://gamefaqs.gamespot.com/n64/197860-mario-kart-64/saves/1102,Not stated,"Extracted cartridge-EEPROM backup note ""KTKT"" (code 3BADD1E5/FADE) from DexDrive image",Grand Prix bytes show gold on every cup in all four classes. Ghosts live on the Controller Pak and are not included.,saves/summercart64/Mario Kart 64 (USA).sav,saves/mister/Mario Kart 64 (USA).eep,saves/emulator/MARIOKART64.eep,saves/everdrive/Mario Kart 64 (USA).eep,not searched (has cartridge save),,,,,,,,
Mario Party,Mario Party (USA).z64,4d60abe5,1159bd56730094bfc71be30113e1cfc8bacf34f3,CLBE,0,025b1beb,MarioParty,EEPROM 4Kbit,no,ready,"100% clear | In-file DexDrive comment: ""All items bought. Game beaten.""",TenebrusoM,https://gamefaqs.gamespot.com/n64/197861-mario-party/saves/1100,Not stated,"Extracted cartridge-EEPROM backup note ""LBLB"" (code 3BADD1E5/FADE) from DexDrive image","Data starts with ""HUDSON"" header as expected for this game.",saves/summercart64/Mario Party (USA).sav,saves/mister/Mario Party (USA).eep,saves/emulator/MarioParty.eep,saves/everdrive/Mario Party (USA).eep,no controller pak use,,,,,,,,
Mario Party 2,Mario Party 2 (USA).z64,e58a1955,166eda1c05670d337e2c3f15a5db528ae1e5d6e3,NMWE,0,6bb03f80,MarioParty2,EEPROM 4Kbit,no,ready,"NAZE - 100% Complete, Bowser Land Unlocked & Cleared, Credits Machine Unlocked, 99,999 Coins, All Mini-Games Unlocked, All Mini-Game Coaster Courses Cleared, Item & Battle Mini-Game Trees Unlocked, Driver's Ed Unlocked",JohnThePikachu,https://gamefaqs.gamespot.com/n64/197862-mario-party-2/saves/29607,Wii VC NAZE (US release); ROM revision not stated,"Decrypted Wii data.bin (AES-128-CBC, SD key/IV taken from Dolphin source), extracted EEP_NMWE (16384 B VC container); trimmed to 512 B",,saves/summercart64/Mario Party 2 (USA).sav,saves/mister/Mario Party 2 (USA).eep,saves/emulator/MarioParty2.eep,saves/everdrive/Mario Party 2 (USA).eep,no controller pak use,,,,,,,,
Mario Party 3,Mario Party 3 (USA).z64,b7445ddc,6beb80ff822b96bcf85dcdb512e8b2b7969d8259,NMVE,0,9613a218,MarioParty3,EEPROM 16Kbit,no,needs review,"Not stated per file. Repo README: saves focused on multiplayer content and unlockables (levels, characters, bonus levels).",madmodder123 (repo owner; original save author not credited),https://github.com/madmodder123/retropie_saves/blob/2848dd20b5c3b4958db6750f098ae1f62f1a2e6e/n64/Mario%20Party%203%20(U)%20%5B!%5D.eep,"(U) [!] (GoodN64 USA, v1.0)",padded 1384->2048 B with 0xFF,Not on GameFAQs. Completion not stated by source. Project64 file was 1384 B (written extent only).,saves/summercart64/Mario Party 3 (USA).sav,saves/mister/Mario Party 3 (USA).eep,saves/emulator/MarioParty3.eep,saves/everdrive/Mario Party 3 (USA).eep,no controller pak use,,,,,,,,
Mario Tennis,Mario Tennis (USA).z64,4e9560f6,999047f07cec931ffbdcc7b33b8502ef602807ee,NM8E,0,6a8078f5,MarioTennis,EEPROM 16Kbit,no,ready,NATE - Played from Pikachu025 file - Every Tournaments/Star Tournaments completed for all characters in Singles and Doubles. All Ring Challenges done. Exhibition board completed with a Star minimum.,StoneKotr,https://gamefaqs.gamespot.com/n64/258820-mario-tennis/saves/22769,Wii VC NATE (US release); ROM revision not stated,"Decrypted Wii data.bin (AES-128-CBC, SD key/IV taken from Dolphin source), extracted EEP_NM8E (16384 B VC container); trimmed to 2048 B",Transfer Pak (GBC) data is not part of the cartridge save.,saves/summercart64/Mario Tennis (USA).sav,saves/mister/Mario Tennis (USA).eep,saves/emulator/MarioTennis.eep,saves/everdrive/Mario Tennis (USA).eep,no controller pak use,,,,,,,,
Mario's Photo Studio,Mario's Photo Studio (Japan) [T-En by Zoinkity v1.0] [n].z64,9605710e,bf5d347f4047f79f7a89a5f3e28fbbf1d0fa9a0a,NMPE,16,d7908dfb,ÏØµÉÌ«ÄËß°,none,no,no cartridge save,,,,,,,,,,,no controller pak use,,,,,,,,
Mario's Photo Studio,Mario's Photo Studio (Japan) [T-En by Zoinkity v1.0] [Old Art] [n].z64,e9d24526,d98ee346024279d6a01ff642408b0269652e629f,NMPE,0,be2ea3c2,ÏØµÉÌ«ÄËß°,none,no,no cartridge save,,,,,,,,,,,no controller pak use,,,,,,,,
Masters '98 - Augusta National Golf Club,Masters '98 - Augusta National Golf Club (Japan) [T-En by Zoinkity v1.0] [n].z64,d2a6b89f,a74635e776e97520519c3340d3316d778a0cd4d6,NM9E,0,8e21b1f5,MASTERS'98,none,yes,no cartridge save,,,,,,,,,,,not found,,,,,,,,
Mega Man 64,Mega Man 64 (USA).z64,1bfc71f0,f24fe0aff01aec018e2dd558ec4f076cf328129f,NM6E,0,02e906a1,Mega Man 64,FlashRAM 1Mbit,no,ready,"At Main Gate with all items & key items, special weapons upgraded to the max, side quests completed, and hard/easy modes unlocked on the main menu. File 1 is the 100% save file, file 2 was used to unlock easy mode. (100%)",MattKimura (collection maintainer; original save author not credited),https://github.com/MattKimura/Emulator-Saves/blob/6a7b097895ddbcf2fb32ec1491762893386ed762/100%25%20Saves/N64/Mega%20Man%2064.fla,Not stated,byteswapped 32-bit words (Project64 order -> native big-endian); padded 16384->131072 B with 0xFF,"Round 2. GameFAQs page only has PS1/PSP saves. ""RockManDashN64 SaveSlot Exist"" header reads correctly after byteswap.",saves/summercart64/Mega Man 64 (USA).sav,saves/mister/Mega Man 64 (USA).fla,saves/emulator/Mega Man 64.fla,saves/everdrive/Mega Man 64 (USA).fla,no controller pak use,,,,,,,,
Mia Hamm Soccer 64,"Mia Hamm Soccer 64 (USA) (En,Es).z64",2db3d3d6,62ce9d1c1f4cf7beaa1ef7c456c155f63f13f057,NHME,0,e61e368a,Mia Hamm Soccer 64,none,yes,no cartridge save,,,,,,,,,,,not found,,,,,,,,
Michael Owen's WLS 2000,Michael Owen's WLS 2000 (Europe).z64,bb680cbe,f629a56ed36fb3889841a047d7c4cd2b9731eb43,NWKX,0,c0990687,MO WORLD LEAGUE SOCC,none,yes,no cartridge save,,,,,,,,,,,not found,,,,,,,,
Mickey's Speedway USA,Mickey's Speedway USA (USA).z64,2d4f8f1b,507341c0a40ca3e9a7cee969b396ee53facfb548,NMLE,0,f0280886,MICKEY USA,EEPROM 4Kbit,no,ready,"All Cups, Ludwig, Huey, & New Orleans unlocked. ""Should have everything unlocked.""",meauxdal,https://www.speedrun.com/msusa/resources/yyg08,Not stated,Unzipped Save/MICKEY USA.eep; padded 480->512 B with 0xFF,Round 2. Byte-identical to madmodder123's copy.,saves/summercart64/Mickey's Speedway USA (USA).sav,saves/mister/Mickey's Speedway USA (USA).eep,saves/emulator/MICKEY USA.eep,saves/everdrive/Mickey's Speedway USA (USA).eep,no controller pak use,,,,,,,,
Micro Machines 64 Turbo,Micro Machines 64 Turbo (USA).z64,a62a2763,9672fa010a06adf01074c9720ee46031f5d9e101,NV3E,0,f79f53cf,MICROMACHINES64TURBO,none,yes,no cartridge save,,,,,,,,,,,not found,,,,,,,,
Midway's Greatest Arcade Hits - Volume 1,Midway's Greatest Arcade Hits - Volume 1 (USA).z64,e5c1fedc,e24c61aaa5cf15112258052ec78d24ad047ba5ae,NAIE,0,47f55a65,MGAH VOL1,none,yes,no cartridge save,,,,,,,,,,,not found,,,,,,,,
Mike Piazza's Strike Zone,Mike Piazza's Strike Zone (USA).z64,cc253cab,09c90701261e345c0023c55b61b37e6aaf809e57,NMBE,0,844e2678,PIAZZA STRIKEZONE,none,yes,no cartridge save,,,,,,,,,,,not found,,,,,,,,
Milo's Astro Lanes,Milo's Astro Lanes (USA).z64,172fca97,7a0246e367ff84b46c0bec9a6b760d3b67b13041,NBRE,0,97a533c0,Milos_Astro_Lanes,none,yes,no cartridge save,,,,,,,,,,,not found,,,,,,,,
Mini Racers,Mini Racers (USA) (Ja) (Proto).z64,f59f881b,109c1960a060cdab0da75e336195ffa15f111d23,(blank in header),0,d2bef892,(blank header title; Project64 uses the ROM file name),none,no,no cartridge save,,,,,,,,,,,no controller pak use,,,,,,,,
Mischief Makers,Mischief Makers (USA) (Rev 1).z64,c3300cef,811709c6473f74cbf283aa61f056e1de3046ec73,NTME,1,b7108e95,MISCHIEF MAKERS,EEPROM 4Kbit,no,ready,"A 100% save file for v1.1 of Mischief Makers.All yellow gems, all S ranks, and maxed out red gems.I saw nobody uploaded a save file with all S-ranks, and decided to do it myself! Use this for whatever wants or needs you may have!",KCodyB,https://gamefaqs.gamespot.com/n64/197950-mischief-makers/saves/33367,v1.1 (matches ROM Rev 1),"Extracted EEPROM note ""MISCHIEF MAKERS"" (code 3BADD1E5/FADE) from DexDrive image (header block blanked in upload)",,saves/summercart64/Mischief Makers (USA) (Rev 1).sav,saves/mister/Mischief Makers (USA) (Rev 1).eep,saves/emulator/MISCHIEF MAKERS.eep,saves/everdrive/Mischief Makers (USA) (Rev 1).eep,no controller pak use,,,,,,,,
Mission: Impossible,Mission - Impossible (USA).z64,3677a8b8,7546d5df1fc93fed8205a066f1333fd7dd50c1e1,NMIE,0,de05bebd,MISSION IMPOSSIBLE,EEPROM 4Kbit,no,ready,"T64 M:I save with all missions completed, everything unlocked. | In-file DexDrive comment: ""Mission: Impossible - All Levels/ Game Done""",ACA,https://gamefaqs.gamespot.com/n64/197954-mission-impossible/saves/1135,Not stated,"Extracted cartridge-EEPROM backup note ""MIMI"" (code 3BADD1E5/FADE) from DexDrive image","Round 2. TenebrusoM's upload (#1081, ""Everything completed"") contains the identical EEPROM.",saves/summercart64/Mission - Impossible (USA).sav,saves/mister/Mission - Impossible (USA).eep,saves/emulator/MISSION IMPOSSIBLE.eep,saves/everdrive/Mission - Impossible (USA).eep,no controller pak use,,,,,,,,
Monaco Grand Prix,Monaco Grand Prix (USA).z64,e2bbeac1,477f945dc38f930336e0d05cfdcba2c4c30f6a31,NMGE,0,d1610042,Monaco Grand Prix,EEPROM 4Kbit,yes,not found,,,,,,"Nothing on GameFAQs (or only other-platform saves), the GitHub collections, archive.org or speedrun.com.",,,,,not found,,,,,,,,
Monopoly,Monopoly (USA).z64,c8cad8f6,fd724bdc323aa81d4873768acf789529cc1c08e5,NMOE,0,b54ec52b,monopoly,EEPROM 4Kbit,no,not found,,,,,,"Nothing on GameFAQs (or only other-platform saves), the GitHub collections, archive.org or speedrun.com.",,,,,no controller pak use,,,,,,,,
Monster Truck Madness 64,Monster Truck Madness 64 (USA).z64,3fd0604d,f8c7ae14df7341881346b1ceaf838d2219291279,NM3E,0,6563ade7,MTM64,none,no,no cartridge save,,,,,,,,,,,no controller pak use,,,,,,,,
Mortal Kombat 4,Mortal Kombat 4 (USA).z64,b7f46516,f47d05bbd1bcadddff2ec7a21bc2e795cbef9f9b,NM4E,0,e0a11622,MORTAL KOMBAT 4,none,yes,no cartridge save,,,,,,,,,,,needs review,Not stated,https://github.com/madmodder123/retropie_saves/blob/2848dd20b5c3b4958db6750f098ae1f62f1a2e6e/n64/Mortal%20Kombat%204%20(U)%20[!].mpk,NM4E MK4CONFIGDATA (8 pages),"MK4 config data, completion not stated.",saves/analogue3d/Library/N64/Games/Mortal Kombat 4 e0a11622/controller_pak.img,saves/mister/Mortal Kombat 4 (USA)_1.cpk,saves/emulator/MORTAL KOMBAT 4_Cont_1.mpk,saves/everdrive/Mortal Kombat 4 (USA).mpk
Mortal Kombat Mythologies - Sub-Zero,Mortal Kombat Mythologies - Sub-Zero (USA).z64,51a07fd9,ef3df4e1496260d44c44ab7dd145751141f11c60,NMYE,0,dd7cbfd6,MK_MYTHOLOGIES,none,yes,no cartridge save,,,,,,,,,,,not found,,,,,,,,
Mortal Kombat Trilogy,Mortal Kombat Trilogy (USA) (Rev 2).z64,0f323d00,11f2488b21f9f7185c25905dd02c2955c35ad5c1,NMKE,2,0fa0615b,MortalKombatTrilogy,none,no,no cartridge save,,,,,,,,,,,no controller pak use,,,,,,,,
MRC - Multi-Racing Championship,MRC - Multi-Racing Championship (USA).z64,1dc1c812,8bea68833d63b2f17daad4477a572c274a9468be,NMRE,0,377e874d,MULTI RACING,EEPROM 4Kbit,yes,not found,,,,,,"Nothing on GameFAQs (or only other-platform saves), the GitHub collections, archive.org or speedrun.com.",,,,,not found,,,,,,,,
Ms. Pac-Man - Maze Madness,Ms. Pac-Man - Maze Madness (USA).z64,e34c7060,99028c738b5ac5ff99d73698b50d14f5e58ddea7,NP9E,0,903404e6,MS. PAC-MAN MM,none,yes,no cartridge save,,,,,,,,,,,not found,,,,,,,,
Mystical Ninja Starring Goemon,Mystical Ninja Starring Goemon (USA).z64,4180c296,df8083a54296b8c151917c5333e1c85f014a2a66,NG5E,0,add7a87d,MYSTICAL NINJA,none,yes,no cartridge save,,,,,,,,,,,ready,"All dolls found, Consecutive Boss Battle Mode unlocked, save points at end and before outer space",https://gamefaqs.gamespot.com/n64/198022-mystical-ninja-starring-goemon/saves/4032,NG5E MYSTICAL NINJA (16 pages),Removed 2 other-game note(s) from the source pak.,saves/analogue3d/Library/N64/Games/Mystical Ninja Starring Goemon add7a87d/controller_pak.img,saves/mister/Mystical Ninja Starring Goemon (USA)_1.cpk,saves/emulator/MYSTICAL NINJA_Cont_1.mpk,saves/everdrive/Mystical Ninja Starring Goemon (USA).mpk
Nagano Winter Olympics '98,Nagano Winter Olympics '98 (USA).z64,ee8288d4,eaf543e195731031a84f4136b506449209e3a8f5,NH5E,0,0149b304,NAGANO OLYMPICS,none,yes,no cartridge save,,,,,,,,,,,not found,,,,,,,,
Namco Museum 64,Namco Museum 64 (USA).z64,ce361f92,a934e08f80778111d1bc03caf0a170a2d8c4e6a7,NNME,0,765d40ef,NAMCOMUSEUM64,none,yes,no cartridge save,,,,,,,,,,,not found,,,,,,,,
NASCAR 2000,NASCAR 2000 (USA).z64,02bf7c2d,36cd848be9196c9e04eb3a9b0371a04afc8baea3,NN2E,0,7bf2d3eb,NASCAR 2000,none,yes,no cartridge save,,,,,,,,,,,ready,Championship finished in first place,https://gamefaqs.gamespot.com/n64/198038-nascar-2000/saves/1291,NN2E NASCAR 2000 (41 pages),,saves/analogue3d/Library/N64/Games/NASCAR 2000 7bf2d3eb/controller_pak.img,saves/mister/NASCAR 2000 (USA)_1.cpk,saves/emulator/NASCAR 2000_Cont_1.mpk,saves/everdrive/NASCAR 2000 (USA).mpk
NASCAR 99,NASCAR 99 (USA).z64,3d8eb950,0fbbaeb4c286d45d27c977d5722e38415efd1a74,N9CE,0,da3391cc,NASCAR 99,none,yes,no cartridge save,,,,,,,,,,,not found,,,,,,,,
NBA Courtside 2 featuring Kobe Bryant,NBA Courtside 2 featuring Kobe Bryant (USA).z64,a7cc4ce2,8c27333189fc19570bc494bc3ed9e3879d6e54be,NCKE,0,6e251c9d,NBA Courtside 2,FlashRAM 1Mbit,no,not found,,,,,,"Nothing on GameFAQs (or only other-platform saves), the GitHub collections, archive.org or speedrun.com.",,,,,no controller pak use,,,,,,,,
NBA Hangtime,NBA Hangtime (USA).z64,714cf532,3c96741db636938f140e9592ad34e93ac25c7762,NXGE,0,95c1fec7,NBA HANGTIME,none,yes,no cartridge save,,,,,,,,,,,needs review,Created player. Maxed out stats. All records set.,https://gamefaqs.gamespot.com/n64/198062-nba-hangtime/saves/1044,NXGE NBA HANGTIME (7 pages),"Created player and records, not an unlock save.",saves/analogue3d/Library/N64/Games/NBA Hangtime 95c1fec7/controller_pak.img,saves/mister/NBA Hangtime (USA)_1.cpk,saves/emulator/NBA HANGTIME_Cont_1.mpk,saves/everdrive/NBA Hangtime (USA).mpk
NBA in the Zone '98,NBA in the Zone '98 (USA).z64,a245d737,a306d80f483f8bb5891a543919c53fac61d9348f,NBAE,0,5c02725a,NBA IN THE ZONE '98,none,yes,no cartridge save,,,,,,,,,,,not found,,,,,,,,
NBA in the Zone '99,NBA in the Zone '99 (USA).z64,eab083b8,6964baec49592e64c34782b55e234c7bd32c8a99,NB2E,0,7d55eee7,NBA IN THE ZONE '99,none,yes,no cartridge save,,,,,,,,,,,not found,,,,,,,,
NBA in the Zone 2000,NBA in the Zone 2000 (USA).z64,cbb4b730,7e838c203f29336cbdaba77051ebe48d9eae798d,NWZE,0,5e210d99,NBA IN THE ZONE 2000,none,yes,no cartridge save,,,,,,,,,,,not found,,,,,,,,
NBA Jam 2000,NBA Jam 2000 (USA).z64,163dadf9,94139439d6c234a560fc5d0e5d9c0aa4508fc7b6,NJAE,0,ee0902de,NBA JAM 2000,none,yes,no cartridge save,,,,,,,,,,,not found,,,,,,,,
NBA Jam 99,NBA Jam 99 (USA).z64,559cd6b1,2e306d2123ad4220e672d8a07874ca7b515d57e0,NB9E,0,ac73d889,NBA JAM 99,none,yes,no cartridge save,,,,,,,,,,,not found,,,,,,,,
NBA Live 2000,"NBA Live 2000 (USA) (En,Fr,De,Es).z64",7c3bc95e,4ba671a132125bcaa6552542b7fc2c7f6dc56a0e,NNLE,0,dff3047b,NBA LIVE 2000,none,yes,no cartridge save,,,,,,,,,,,not found,,,,,,,,
NBA Live 99,"NBA Live 99 (USA) (En,Fr,De,Es,It).z64",9be0a7ac,89e47ffac3eae25b37e1a20ce66ca24e343912dd,N9BE,0,2c389b1c,NBA Live 99,none,yes,no cartridge save,,,,,,,,,,,not found,,,,,,,,
NBA Showtime - NBA on NBC,NBA Showtime - NBA on NBC (USA).z64,a4e378f4,702d6d55fc23c56b8a57d7348d159098fff98650,NSOE,0,c2880286,NBA SHOWTIME,none,yes,no cartridge save,,,,,,,,,,,not found,,,,,,,,
Neon Genesis Evangelion,Neon Genesis Evangelion (Japan).z64,a10a86af,a9ba0a4afeed48080f54aa237850f3676b3d9980,NEVJ,0,6758d3c4,EVANGELION,EEPROM 16Kbit,no,not found,,,,,,"Nothing on GameFAQs (or only other-platform saves), the GitHub collections, archive.org or speedrun.com.",,,,,no controller pak use,,,,,,,,
The New Tetris,"New Tetris, The (USA).z64",528a07fa,83fff25e82181a6993f28c91b9eeb8430396838b,NRIE,0,fb847357,NEWTETRIS,SRAM 256Kbit,yes,ready,"400k lines completed, all wonders except last one unlocked",deforres,https://gamefaqs.gamespot.com/n64/198976-the-new-tetris/saves/31122,Not stated,byteswapped 32-bit words (Project64 order -> native big-endian),"Labeled ""Wii VC"" on GameFAQs, but it is a Project64-order SRAM image (player names like ""WOPPY"", ""SCHMOOZY"" only read correctly after byteswap). Not 100%: last wonder still locked.","saves/summercart64/New Tetris, The (USA).sav","saves/mister/New Tetris, The (USA).sra",saves/emulator/NEWTETRIS.sra,"saves/everdrive/New Tetris, The (USA).srm",not searched (has cartridge save),,,,,,,,
NFL Blitz,NFL Blitz (USA).z64,9bcd670f,2853afd9e38d63d913c8484f546804708c8ad712,NBZE,0,5738bda3,NFL BLITZ,none,yes,no cartridge save,,,,,,,,,,,not found,,,,,,,,
NFL Blitz - Special Edition,NFL Blitz - Special Edition (USA).z64,5d1907f7,a109f44bbb3270205205755ba9a889bafc6ff5ab,NSZE,0,ab10bd70,NFL BLITZ SPECIAL ED,none,yes,no cartridge save,,,,,,,,,,,not found,,,,,,,,
NFL Blitz 2000,NFL Blitz 2000 (USA) (Rev 1).z64,b591cfea,3754c8fdf5cdce5de62685ce9be73e06ba5e3577,NBIE,1,1959a08a,blitz2k,none,yes,no cartridge save,,,,,,,,,,,not found,,,,,,,,
NFL Blitz 2001,NFL Blitz 2001 (USA).z64,18eeb41b,279bc9ed596663610265a618a1656dbb8ea4237a,NFBE,0,3049173b,NFL BLITZ 2001,none,yes,no cartridge save,,,,,,,,,,,not found,,,,,,,,
NFL QB Club 2001,NFL QB Club 2001 (USA).z64,6d849e17,c81421bb204270ef5ddd8f60dda51cdf73482fe2,NQCE,0,0498e26e,NFL Quarterback Club,none,yes,no cartridge save,,,,,,,,,,,not found,,,,,,,,
NFL Quarterback Club 2000,NFL Quarterback Club 2000 (USA).z64,8f54f999,390fea44c8df84f601b20a3e506fdd611ab34a8b,NQBE,0,09c9ebf2,NFL QBC 2000,none,yes,no cartridge save,,,,,,,,,,,not found,,,,,,,,
NFL Quarterback Club 98,NFL Quarterback Club 98 (USA).z64,abf0e8f2,8e53de9eb6dcecb3b0bb3e707ef01690de7efab2,NQ8E,0,079955a7,quarterback_club_98,none,yes,no cartridge save,,,,,,,,,,,not found,,,,,,,,
NFL Quarterback Club 99,NFL Quarterback Club 99 (USA).z64,44496b26,8dba75859d21219b3638e337991851db31b4d70e,NQ9E,0,ec4d4431,NFL QBC '99,none,yes,no cartridge save,,,,,,,,,,,not found,,,,,,,,
NHL 99,NHL 99 (USA).z64,e5df2afe,d730540d8c447420de4aa81f6a2776c2e310d12a,N9HE,0,315bd0e7,NHL 99,none,yes,no cartridge save,,,,,,,,,,,not found,,,,,,,,
NHL Blades of Steel '99,NHL Blades of Steel '99 (USA).z64,1ee678fe,c55e9771b1548cfe4297646adcfcafe85712da5e,NHOE,0,aa3b76f1,BLADES OF STEEL '99,none,yes,no cartridge save,,,,,,,,,,,not found,,,,,,,,
NHL Breakaway 98,NHL Breakaway 98 (USA).z64,49d86c00,2658334bf4091d0d3ed2de3327592d04fc0b6849,NHLE,0,572a9139,NHL_BREAKAWAY_98,none,yes,no cartridge save,,,,,,,,,,,not found,,,,,,,,
NHL Breakaway 99,NHL Breakaway 99 (USA).z64,75f75b9d,65c0f8bf81d8dec3e5d719b167a61a73b2436e84,NH9E,0,b04bdbdf,NHL Breakaway '99,none,yes,no cartridge save,,,,,,,,,,,not found,,,,,,,,
Nightmare Creatures,Nightmare Creatures (USA).z64,6a1eb795,bea6c21b3ef5950bdf8cdb255955da6c4746eea8,NNCE,0,9908c4c6,NIGHTMARE CREATURES,none,yes,no cartridge save,,,,,,,,,,,ready,T64's game entirely unlocked.,https://gamefaqs.gamespot.com/n64/198197-nightmare-creatures/saves/1134,NNCE NGHTMR CREATURES (2 pages),,saves/analogue3d/Library/N64/Games/Nightmare Creatures 9908c4c6/controller_pak.img,saves/mister/Nightmare Creatures (USA)_1.cpk,saves/emulator/NIGHTMARE CREATURES_Cont_1.mpk,saves/everdrive/Nightmare Creatures (USA).mpk
Ninja Boy Rantarou 64 Game Gallery,Ninja Boy Rantarou 64 Game Gallery (Japan) [T-En by Zoinkity v1.0] [n].z64,788c0242,92f27a536913a641241c4a1dcb81379dc7396fdd,NHBE,0,173f482f,NINTAMAGAMEGALLERY64,none,no,no cartridge save,,,,,,,,,,,no controller pak use,,,,,,,,
Nuclear Strike 64,Nuclear Strike 64 (USA).z64,d7467294,6a8b0b450e87fbfbadeee3854ada0731deb6e8b5,NCEE,0,a2fe0cb3,NUCLEARSTRIKE64,none,yes,no cartridge save,,,,,,,,,,,not found,,,,,,,,
O.D.T,"O.D.T. (USA) (En,Fr,Es) (Proto).z64",1d4a8659,453a7a636b05c8b9dad6aa6fb5e265baae568074,NTDE,0,3f31702c,O.D.T,none,yes,no cartridge save,,,,,,,,,,,not found,,,,,,,,
Off Road Challenge,Off Road Challenge (USA).z64,1a45c5ab,9e754ca37d69424e9f82a421d5e69d4ad73046c1,NOFE,0,5d49e6d6,OFFROAD,none,yes,no cartridge save,,,,,,,,,,,not found,,,,,,,,
Ogre Battle 64 - Person of Lordly Caliber,Ogre Battle 64 - Person of Lordly Caliber (USA) (Rev 1).z64,410f6510,d26b14bee422a09581ce438d45ba9fec9783fbb8,NOBE,1,fb04c6ac,OgreBattle64,SRAM 256Kbit,yes,not found (Controller Pak saves only),,,,,,Not convertible to a cartridge save. A Controller Pak save is provided instead (see pak columns).,,,,,needs review,"Last scene, perfect chaos frame, tons of money and equipment, and powerful units. ALL hero classes, including a few that aren't avaliable normally.",https://gamefaqs.gamespot.com/n64/198230-ogre-battle-64-person-of-lordly-caliber/saves/21310,NOBE OGREBATTLE64 1 (25 pages),"Saved at the last scene, not 100%. Ogre Battle 64 saves to the cartridge; this is the game's optional Controller Pak save.",saves/analogue3d/Library/N64/Games/Ogre Battle 64 - Person of Lordly Caliber fb04c6ac/controller_pak.img,saves/mister/Ogre Battle 64 - Person of Lordly Caliber (USA) (Rev 1)_1.cpk,saves/emulator/OgreBattle64_Cont_1.mpk,saves/everdrive/Ogre Battle 64 - Person of Lordly Caliber (USA) (Rev 1).mpk
Olympic Hockey 98,Olympic Hockey 98 (USA).z64,2d777652,02310067defd4c7eac235dff5e71ef0566ce916c,NHNE,0,a5ee8965,OLYMPIC HOCKEY,none,yes,no cartridge save,,,,,,,,,,,not found,,,,,,,,
Paper Mario,Paper Mario (USA).z64,a7f5cd7e,3837f44cda784b466c9a2d99df70d77c322b97a0,NMQE,0,be5799f3,PAPER MARIO,FlashRAM 1Mbit,no,ready,"The True 100% Save! Every Sidequest, Badge, Star Piece, Recipe, Quiz, Star Power, and other things collected! Set in the final showdown.",WiiBestConsole,https://gamefaqs.gamespot.com/n64/198849-paper-mario/saves/31011,Wii VC NAEE (US release); ROM revision not stated,"Decrypted Wii data.bin (AES-128-CBC, SD key/IV taken from Dolphin source), extracted EEP_NMQE (131072 B)","""Mario Story 006"" headers valid in native order.",saves/summercart64/Paper Mario (USA).sav,saves/mister/Paper Mario (USA).fla,saves/emulator/PAPER MARIO.fla,saves/everdrive/Paper Mario (USA).fla,no controller pak use,,,,,,,,
Paperboy,Paperboy (USA).z64,f27114e6,b043c47b9758fa6bb289ca7dba2068bda6cafa3a,NYPE,0,6565b3a3,PAPERBOY,none,yes,no cartridge save,,,,,,,,,,,not found,,,,,,,,
Penny Racers,Penny Racers (USA).z64,c1e57337,1d4fce8ad6b1f0072d89aeb4c3187bc853b750a0,NCRE,0,5a98de60,PENNY RACERS,EEPROM 4Kbit,yes,not found (Controller Pak saves only),,,,,,Not convertible to a cartridge save. A Controller Pak save is provided instead (see pak columns).,,,,,ready,All 114 parts saved,https://gamefaqs.gamespot.com/n64/198272-penny-racers/saves/15518,NCRE PENNY RACERS (68 pages),,saves/analogue3d/Library/N64/Games/Penny Racers 5a98de60/controller_pak.img,saves/mister/Penny Racers (USA)_1.cpk,saves/emulator/PENNY RACERS_Cont_1.mpk,saves/everdrive/Penny Racers (USA).mpk
Perfect Dark,Perfect Dark (USA) (Rev 1).z64,4c1677f7,af8788ac4d1a57260eae9c53ffe851fcf2a3319b,NPDE,1,bc576a02,Perfect Dark,EEPROM 16Kbit,yes,needs review,"Not stated per file. Repo README: saves focused on multiplayer content and unlockables (levels, characters, bonus levels).",madmodder123 (repo owner; original save author not credited),https://github.com/madmodder123/retropie_saves/blob/2848dd20b5c3b4958db6750f098ae1f62f1a2e6e/n64/Perfect%20Dark%20(U)%20(V1.1)%20%5B!%5D.eep,(U) (V1.1) [!] = USA Rev 1 (matches ROM),padded 2000->2048 B with 0xFF,"GameFAQs saves are Controller Pak game files, not cartridge EEPROM. Completion not stated. Project64 file was 2000 B.",saves/summercart64/Perfect Dark (USA) (Rev 1).sav,saves/mister/Perfect Dark (USA) (Rev 1).eep,saves/emulator/Perfect Dark.eep,saves/everdrive/Perfect Dark (USA) (Rev 1).eep,not searched (has cartridge save),,,,,,,,
PGA European Tour,PGA European Tour (USA).z64,7cdfcdaa,6e8dfccfe93318a597e99c9186d5e8cdca3be987,NEAE,0,d60fb3e2,PGA European Tour,EEPROM 4Kbit,no,not found,,,,,,"Nothing on GameFAQs (or only other-platform saves), the GitHub collections, archive.org or speedrun.com.",,,,,no controller pak use,,,,,,,,
Pilotwings 64,Pilotwings 64 (USA).z64,728807e7,ec771aedf54ee1b214c25404fb4ec51cfd43191a,NPWE,0,71d82dc2,Pilot Wings64,EEPROM 4Kbit,no,needs review,"Not stated per file. Repo README: saves focused on multiplayer content and unlockables (levels, characters, bonus levels).",madmodder123 (repo owner; original save author not credited),https://github.com/madmodder123/retropie_saves/blob/2848dd20b5c3b4958db6750f098ae1f62f1a2e6e/n64/Pilotwings%2064%20(U)%20%5B!%5D.eep,(U) [!] (GoodN64 USA),none (copied as-is),Not on GameFAQs. Completion not stated.,saves/summercart64/Pilotwings 64 (USA).sav,saves/mister/Pilotwings 64 (USA).eep,saves/emulator/Pilot Wings64.eep,saves/everdrive/Pilotwings 64 (USA).eep,no controller pak use,,,,,,,,
Pokémon Puzzle League,Pokemon Puzzle League (USA).z64,8b9c598f,8173866fc8c7652abd44c48efcab85441c6806a1,NPNE,0,77a46b7c,PUZZLE LEAGUE N64,FlashRAM 1Mbit,no,not found,,,,,,No saves on GameFAQs; none found elsewhere.,,,,,no controller pak use,,,,,,,,
Pokémon Snap,Pokemon Snap (USA).z64,86a69756,edc7c49cc568c045fe48be0d18011c30f393cbaf,NPFE,0,dda4b861,POKEMON SNAP,FlashRAM 1Mbit,no,ready,NAKE- 100% Completed,TwilightErik,https://gamefaqs.gamespot.com/n64/198311-pokemon-snap/saves/16303,Wii VC NAKE (US release); ROM revision not stated,"Decrypted Wii data.bin (AES-128-CBC, SD key/IV taken from Dolphin source), extracted EEP_NPFE (147456 B VC container); trimmed to 131072 B",Kept the first 128 KiB; the VC container has extra data past the end of FlashRAM.,saves/summercart64/Pokemon Snap (USA).sav,saves/mister/Pokemon Snap (USA).fla,saves/emulator/POKEMON SNAP.fla,saves/everdrive/Pokemon Snap (USA).fla,no controller pak use,,,,,,,,
Pokémon Stadium,Pokemon Stadium (USA) (Rev 2).z64,235b1842,0d3b1d740c6ee6da6923550bf24ad827262fd8c0,NPOE,2,e23b1afc,POKEMON STADIUM,FlashRAM 1Mbit,no,ready,"Round 1 + 2 fully complete. stadium, gym leader's castle, and rival beaten. Hyper difficulty in the mini games section unlocked, dodrio Game Boy unlocked, and all 151 Pokemon collected in the Hall of Fame. (100%)",MattKimura (collection maintainer; original save author not credited),https://github.com/MattKimura/Emulator-Saves/blob/6a7b097895ddbcf2fb32ec1491762893386ed762/100%25%20Saves/N64/POKEMON%20STADIUM.fla,Not stated,byteswapped 32-bit words (Project64 order -> native big-endian); padded 130816->131072 B with 0xFF,Not on GameFAQs. Project64 file was 130816 B. ROM is Rev 2; source revision unknown.,saves/summercart64/Pokemon Stadium (USA) (Rev 2).sav,saves/mister/Pokemon Stadium (USA) (Rev 2).fla,saves/emulator/POKEMON STADIUM.fla,saves/everdrive/Pokemon Stadium (USA) (Rev 2).fla,no controller pak use,,,,,,,,
Pokémon Stadium 2,Pokemon Stadium 2 (USA).z64,a9998e09,d8343e69a7dc63b869cf6361d87cde64444281d3,NP3E,0,dd37743a,POKEMON STADIUM 2,FlashRAM 1Mbit,no,ready,"Round 1 + 2 fully complete. Jotho and Kanto gym leaders complete, and rival beaten. Pokemon Academy complete, Dodrio GB Tower unlocked, very hard difficulty in the mini-games section unlocked (100%)",MattKimura (collection maintainer; original save author not credited),https://github.com/MattKimura/Emulator-Saves/blob/6a7b097895ddbcf2fb32ec1491762893386ed762/100%25%20Saves/N64/POKEMON%20STADIUM%202.fla,Not stated,byteswapped 32-bit words (Project64 order -> native big-endian); padded 130816->131072 B with 0xFF,Not on GameFAQs. SC64 menu uses its special Pokemon Stadium 2 FlashRAM mode for this ROM (same 128 KiB file).,saves/summercart64/Pokemon Stadium 2 (USA).sav,saves/mister/Pokemon Stadium 2 (USA).fla,saves/emulator/POKEMON STADIUM 2.fla,saves/everdrive/Pokemon Stadium 2 (USA).fla,no controller pak use,,,,,,,,
Polaris SnoCross,Polaris SnoCross (USA).z64,8dd735ef,cb56812d41fb96d722774b845100ef421fbc318d,NPXE,0,f7a5d91b,POLARISSNOCROSS,none,yes,no cartridge save,,,,,,,,,,,ready,Every level and snow mobile are unlocked,https://gamefaqs.gamespot.com/n64/256695-polaris-snocross/saves/1511,NPXE SNOCROSS (21 pages),,saves/analogue3d/Library/N64/Games/Polaris SnoCross f7a5d91b/controller_pak.img,saves/mister/Polaris SnoCross (USA)_1.cpk,saves/emulator/POLARISSNOCROSS_Cont_1.mpk,saves/everdrive/Polaris SnoCross (USA).mpk
Power Rangers - Lightspeed Rescue,Power Rangers - Lightspeed Rescue (USA).z64,a5033311,9c0b970dfa344a8cdea9b775d7f95acec2ccf79f,NPUE,0,bf3c8a26,POWER RANGERS,none,yes,no cartridge save,,,,,,,,,,,ready,"All levels and multiplayer characters unlocked. Plus, if you press Z while you highlight a certain level, you'll be able to play an alternative version of that level.",https://gamefaqs.gamespot.com/n64/562948-sabans-power-rangers-lightspeed-rescue/saves/2010,NPUE POWER RANGERS (1 pages),,saves/analogue3d/Library/N64/Games/Power Rangers - Lightspeed Rescue bf3c8a26/controller_pak.img,saves/mister/Power Rangers - Lightspeed Rescue (USA)_1.cpk,saves/emulator/POWER RANGERS_Cont_1.mpk,saves/everdrive/Power Rangers - Lightspeed Rescue (USA).mpk
"Powerpuff Girls, The - Chemical X-Traction","Powerpuff Girls, The - Chemical X-Traction (USA).z64",9514da0a,88e2032997cb884af31a7380fabac0d0a5360892,NPQE,0,469caad8,PPG CHEMICAL X,none,no,no cartridge save,,,,,,,,,,,no controller pak use,,,,,,,,
Premier Manager 64,Premier Manager 64 (Europe).z64,81cda888,6affb5b00b1862e233e4d909dc6e4201f9945579,NPMP,0,82f83aa0,Premier Manager 64,SRAM 256Kbit,yes,not found,,,,,,"Nothing on GameFAQs (or only other-platform saves), the GitHub collections, archive.org or speedrun.com.",,,,,not found,,,,,,,,
Puyo Puyo Sun 64,Puyo Puyo Sun 64 (Japan) [T-En by Zoinkity v1.1].z64,c7d71667,cd4aaaaad29c6766dfc4f639326cea0a0a4d9a24,CPYE,1,c4836871,PUYO PUYO SUN,none,no,no cartridge save,,,,,,,,,,,no controller pak use,,,,,,,,
Puyo Puyoon Party,Puyo Puyoon Party (Japan).z64,d59d2794,d5553182ecda2eba6076e7b04b900ef78b700fc5,NPTJ,0,82dcb67a,PUYOPUYO4,EEPROM 4Kbit,no,not found,,,,,,"Nothing on GameFAQs (or only other-platform saves), the GitHub collections, archive.org or speedrun.com.",,,,,no controller pak use,,,,,,,,
Quake,Quake (USA).z64,761f39d1,25a7fe0342490d3c23328040bb34f8748995537a,NQKE,0,a5ac98e4,Quake,none,yes,no cartridge save,,,,,,,,,,,not found,,,,,,,,
Quake II,Quake II (USA).z64,e6b34387,2edb00e602e7c2813a5d6a04dfec80487627237a,NQ2E,0,37579204,QUAKE II,none,yes,no cartridge save,,,,,,,,,,,needs review,This will take you to the last level.,https://gamefaqs.gamespot.com/n64/198378-quake-ii/saves/2805,NQ2E QUAKE II (3 pages),Saved at the last level.,saves/analogue3d/Library/N64/Games/Quake II 37579204/controller_pak.img,saves/mister/Quake II (USA)_1.cpk,saves/emulator/QUAKE II_Cont_1.mpk,saves/everdrive/Quake II (USA).mpk
Quest 64,Quest 64 (USA).z64,d75b45c6,91b96e938c6d91699057fad91d726ee5a23ce33a,NETE,0,9009a21a,Quest 64,none,yes,no cartridge save,,,,,,,,,,,not found,,,,,,,,
Rakugakids,Rakugakids (Europe).z64,483129aa,a2846cb316dc980dd0040ca95c20abfc8ccce212,NKRP,0,b52c5792,RAKUGAKIDS,none,yes,no cartridge save,,,,,,,,,,,not found,,,,,,,,
Rally Challenge 2000,Rally Challenge 2000 (USA).z64,3edec7b0,d42fd8de45755cd70a4d4c252cc1873410db9f3e,NWQE,0,ead8d623,RALLY CHALLENGE,EEPROM 4Kbit,yes,not found,,,,,,"Nothing on GameFAQs (or only other-platform saves), the GitHub collections, archive.org or speedrun.com.",,,,,not found,,,,,,,,
Rampage - World Tour,Rampage - World Tour (USA).z64,211119dd,7a6c8758e67fd3da99e3420983c0d6df83e41c6b,NRPE,0,86766168,RAMPAGE,none,yes,no cartridge save,,,,,,,,,,,needs review,High levels available,https://gamefaqs.gamespot.com/n64/198410-rampage-world-tour/saves/862,NRPE RAMPAGE WT (7 pages),"High levels, completion unclear.",saves/analogue3d/Library/N64/Games/Rampage - World Tour 86766168/controller_pak.img,saves/mister/Rampage - World Tour (USA)_1.cpk,saves/emulator/RAMPAGE_Cont_1.mpk,saves/everdrive/Rampage - World Tour (USA).mpk
Rampage 2 - Universal Tour,Rampage 2 - Universal Tour (USA).z64,7614ee0d,36d1b741f6ea896b05ab7ceeac8b78684cbdac6b,N2PE,0,796528c0,RAMPAGE2,none,yes,no cartridge save,,,,,,,,,,,not found,,,,,,,,
Rat Attack!,"Rat Attack! (USA) (En,Fr,De,Es,It,Nl).z64",2315fea7,0682b6745832984f43652c0589e4ecf37f937790,NRTE,0,d5c471b2,RAT ATTACK,none,yes,no cartridge save,,,,,,,,,,,not found,,,,,,,,
Rayman 2 - The Great Escape,"Rayman 2 - The Great Escape (USA) (En,Fr,De,Es,It).z64",02bb4409,50558356b059ad3fbaf5fe95380512b9dceaaf52,NY2E,0,e487fef7,Rayman 2,none,yes,no cartridge save,,,,,,,,,,,ready,"100% complete, all lums, all cages, full energy, and at the last boss.",https://gamefaqs.gamespot.com/n64/198423-rayman-2-the-great-escape/saves/2312,NY2E RAYMAN2 JSB (1 pages),,saves/analogue3d/Library/N64/Games/Rayman 2 - The Great Escape e487fef7/controller_pak.img,"saves/mister/Rayman 2 - The Great Escape (USA) (En,Fr,De,Es,It)_1.cpk",saves/emulator/Rayman 2_Cont_1.mpk,"saves/everdrive/Rayman 2 - The Great Escape (USA) (En,Fr,De,Es,It).mpk"
Razor Freestyle Scooter,Razor Freestyle Scooter (USA).z64,927ce621,d107e8d28a262a60ba50de4c227343ebc3587784,NFQE,0,8b30b5a2,RAZOR FREESTYLE,none,yes,no cartridge save,,,,,,,,,,,not found,,,,,,,,
Re-Volt,Re-Volt (USA).z64,fc0c86d0,667fdc39112599bd904f5e7d8d692973e554bd88,NRVE,0,c88d19da,Re-Volt,none,yes,no cartridge save,,,,,,,,,,,ready,Every car and track unlocked. Also includes a few custom track files.,https://gamefaqs.gamespot.com/n64/198471-re-volt/saves/2320,NRVE RE-VOLT.A (16 pages); NRVE RE-VOLT.B (7 pages); NRVE RE-VOLT.C (7 pages); NRVE RE-VOLT.D (7 pages); NRVE RE-VOLT.E (7 pages); NRVE RE-VOLT.F (7 pages),,saves/analogue3d/Library/N64/Games/Re-Volt c88d19da/controller_pak.img,saves/mister/Re-Volt (USA)_1.cpk,saves/emulator/Re-Volt_Cont_1.mpk,saves/everdrive/Re-Volt (USA).mpk
Ready 2 Rumble Boxing,Ready 2 Rumble Boxing (USA).z64,2a554048,e60fedd535a72fda5c424b846421bbdad17c6caa,NRDE,0,d51d95f6,READY 2 RUMBLE,none,yes,no cartridge save,,,,,,,,,,,not found,,,,,,,,
Ready 2 Rumble Boxing - Round 2,Ready 2 Rumble Boxing - Round 2 (USA).z64,052a0e04,42ad558c20dda72e9383323960cd1fd591122052,N22E,0,e34100cb,Ready to Rumble,none,yes,no cartridge save,,,,,,,,,,,ready,All boxers are unlocked,https://gamefaqs.gamespot.com/n64/437242-ready-2-rumble-boxing-round-2/saves/1174,N22E READY2RUMBLE2 (2 pages),,saves/analogue3d/Library/N64/Games/Ready 2 Rumble Boxing - Round 2 e34100cb/controller_pak.img,saves/mister/Ready 2 Rumble Boxing - Round 2 (USA)_1.cpk,saves/emulator/Ready to Rumble_Cont_1.mpk,saves/everdrive/Ready 2 Rumble Boxing - Round 2 (USA).mpk
Resident Evil 2,Resident Evil 2 (USA) (Rev 1).z64,848fbc0d,62ec19bead748c12d38f6c5a7ab0831edbd3d44b,NREE,1,29f97010,Resident Evil II,SRAM 256Kbit,no,needs review,"Hunk and Tofu modes unlocked, all infinite weapons unlocked for arranged mode, and saves for Claire A/B & Leon A/B scenarios (100%)",MattKimura (collection maintainer; original save author not credited),https://github.com/MattKimura/Emulator-Saves/blob/6a7b097895ddbcf2fb32ec1491762893386ed762/100%25%20Saves/N64/Resident%20Evil%202.zip,Not stated,Unzipped Resident Evil 2.sra; byteswapped 32-bit words (Project64 order -> native big-endian),"Round 2. No readable text in this save, so byte order is assumed from the same collection's other Project64 .sra files (all confirmed). ROM is Rev 1; source revision unknown.",saves/summercart64/Resident Evil 2 (USA) (Rev 1).sav,saves/mister/Resident Evil 2 (USA) (Rev 1).sra,saves/emulator/Resident Evil II.sra,saves/everdrive/Resident Evil 2 (USA) (Rev 1).srm,no controller pak use,,,,,,,,
Road Rash 64,Road Rash 64 (USA).z64,600b3988,87727a298f583ec8325f5655088ff21e37b335b2,NROE,0,94329154,ROAD RASH 64,none,yes,no cartridge save,,,,,,,,,,,needs review,Not stated,https://github.com/madmodder123/retropie_saves/blob/2848dd20b5c3b4958db6750f098ae1f62f1a2e6e/n64/Road%20Rash%2064%20(U)%20[!].mpk,NROE ROAD RASH 64.A~ (1 pages),"USA save, completion not stated.",saves/analogue3d/Library/N64/Games/Road Rash 64 94329154/controller_pak.img,saves/mister/Road Rash 64 (USA)_1.cpk,saves/emulator/ROAD RASH 64_Cont_1.mpk,saves/everdrive/Road Rash 64 (USA).mpk
Roadsters,"Roadsters (USA) (En,Fr,Es).z64",e4337b92,d896ffcba44696bdb7e2048841f287ea5951ad2a,NRRE,0,e30ed745,ROADSTERS TROPHY,none,yes,no cartridge save,,,,,,,,,,,not found,,,,,,,,
Robotech - Crystal Dreams,Robotech - Crystal Dreams (USA) (Proto 1).z64,baa8646d,6fde818ae618a92eb9008769d9459b2eaf927246,(blank in header),0,2ae5889e,(blank header title; Project64 uses the ROM file name),none,no,no cartridge save,,,,,,,,,,,no controller pak use,,,,,,,,
Robotron 64,Robotron 64 (USA).z64,b2cbae58,44d158bc2aeefb111a620b61e043b2703e6c5808,NRXE,0,40bb5e42,ROBOTRON-64,none,yes,no cartridge save,,,,,,,,,,,ready,"Saves at lvl200(Easy), lvl200(Hard), and intervalic saves on Normal up to lvl200",https://gamefaqs.gamespot.com/n64/198501-robotron-64/saves/859,NRXE ROBO 64 (16 pages),,saves/analogue3d/Library/N64/Games/Robotron 64 40bb5e42/controller_pak.img,saves/mister/Robotron 64 (USA)_1.cpk,saves/emulator/ROBOTRON-64_Cont_1.mpk,saves/everdrive/Robotron 64 (USA).mpk
Rocket: Robot on Wheels,Rocket - Robot on Wheels (USA).z64,e0399f23,622d71a44da0b81ea68092cac9198c66154a4f4a,NSUE,0,9f9267a7,ROCKETROBOTONWHEELS,EEPROM 4Kbit,no,not found,,,,,,No saves on GameFAQs; speedrun.com only has route notes.,,,,,no controller pak use,,,,,,,,
Ridge Racer 64,RR64 - Ridge Racer 64 (USA).z64,3c2c2d1c,5f079cd9827b24d12af4961482a0fcc679e53042,NRZE,0,838fadd3,RIDGE RACER 64,EEPROM 16Kbit,no,not found,,,,,,No saves on GameFAQs; none found elsewhere.,,,,,no controller pak use,,,,,,,,
Rugrats - Scavenger Hunt,Rugrats - Scavenger Hunt (USA).z64,a87faf82,fb2a62f1625630d6f0beb5fd00a32e12155d50e8,NRGE,0,33b6a071,RUGRATSSCAVENGERHUNT,none,no,no cartridge save,,,,,,,,,,,no controller pak use,,,,,,,,
Rugrats in Paris - The Movie,Rugrats in Paris - The Movie (USA).z64,a9cc2419,7a80199973c42b08490da1f6255b5f17569ba15e,NRKE,0,7809ed5d,RUGRATS IN PARIS,none,yes,no cartridge save,,,,,,,,,,,not found,,,,,,,,
Rush 2 - Extreme Racing USA,Rush 2 - Extreme Racing USA (USA).z64,9eb14ea8,01b0a31b1accc18061e8c85f6c5edf0dbd79f097,NR2E,0,431a0df7,RUSH 2,none,yes,no cartridge save,,,,,,,,,,,needs review,Not stated,https://github.com/madmodder123/retropie_saves/blob/2848dd20b5c3b4958db6750f098ae1f62f1a2e6e/n64/Rush%202%20-%20Extreme%20Racing%20USA%20(U)%20[!].mpk,NR2E RUSH 2 (34 pages),Completion not stated.,saves/analogue3d/Library/N64/Games/Rush 2 - Extreme Racing USA 431a0df7/controller_pak.img,saves/mister/Rush 2 - Extreme Racing USA (USA)_1.cpk,saves/emulator/RUSH 2_Cont_1.mpk,saves/everdrive/Rush 2 - Extreme Racing USA (USA).mpk
S.C.A.R.S,S.C.A.R.S. (USA).z64,22916735,1e87e7bc5b7bc877abc790ebff122ed6e2be828e,NCSE,0,b98e996c,SCARS,none,yes,no cartridge save,,,,,,,,,,,not found,,,,,,,,
San Francisco Rush - Extreme Racing,"San Francisco Rush - Extreme Racing (USA) (En,Fr,De) (Rev 1).z64",886c5753,8ac2dc63afde2da90811ce1a3a951b8c0b19a0e7,NSFE,1,5d505ffa,S.F. RUSH,none,yes,no cartridge save,,,,,,,,,,,ready,"100 % all done, everything unlocked",https://gamefaqs.gamespot.com/n64/198546-san-francisco-rush-extreme-racing/saves/1103,NSFE S.F. RUSH (16 pages),,saves/analogue3d/Library/N64/Games/San Francisco Rush - Extreme Racing 5d505ffa/controller_pak.img,"saves/mister/San Francisco Rush - Extreme Racing (USA) (En,Fr,De) (Rev 1)_1.cpk",saves/emulator/S.F. RUSH_Cont_1.mpk,"saves/everdrive/San Francisco Rush - Extreme Racing (USA) (En,Fr,De) (Rev 1).mpk"
San Francisco Rush 2049,San Francisco Rush 2049 (USA).z64,10941439,3f99351d7bb61656614bdb2aa1a90cfe55d1922c,NRUE,0,8b0f5e93,Rush 2049,none,yes,no cartridge save,,,,,,,,,,,needs review,"Circuit, stunt and obstacle modes completed, all coins, vehicles and parts.",https://gamefaqs.gamespot.com/n64/198529-san-francisco-rush-2049/saves/24866,NRUP RUSH2049GABRIE.P (9 pages),PAL save relabeled to the USA game code; may not load.,saves/analogue3d/Library/N64/Games/San Francisco Rush 2049 8b0f5e93/controller_pak.img,saves/mister/San Francisco Rush 2049 (USA)_1.cpk,saves/emulator/Rush 2049_Cont_1.mpk,saves/everdrive/San Francisco Rush 2049 (USA).mpk
Scooby-Doo! - Classic Creep Capers,Scooby-Doo! - Classic Creep Capers (USA) (Rev 1).z64,cdf86f5e,44dc4f2a148e56fe8088805cb5a860dbc3a638e2,NSYE,1,6839c119,SCOOBY-DOO,none,yes,no cartridge save,,,,,,,,,,,needs review,Saved just before the Ghoul King trap with lots of Courage.,https://gamefaqs.gamespot.com/n64/374845-scooby-doo-classic-creep-capers/saves/1170,NSYP SCOOBY-DOO (3 pages),PAL save relabeled to the USA game code; may not load. Late-game save.,saves/analogue3d/Library/N64/Games/Scooby-Doo! - Classic Creep Capers 6839c119/controller_pak.img,saves/mister/Scooby-Doo! - Classic Creep Capers (USA) (Rev 1)_1.cpk,saves/emulator/SCOOBY-DOO_Cont_1.mpk,saves/everdrive/Scooby-Doo! - Classic Creep Capers (USA) (Rev 1).mpk
Sesame Street - Elmo's Letter Adventure,Sesame Street - Elmo's Letter Adventure (USA).z64,92c3ba6f,97777ca06f4e8aff8f1e95033cc8d3833be40f76,NELE,0,ad282848,Elmo's Letter Advent,none,no,no cartridge save,,,,,,,,,,,no controller pak use,,,,,,,,
Sesame Street - Elmo's Number Journey,Sesame Street - Elmo's Number Journey (USA).z64,ea3b92d8,7195ea96d9fe5de065af61f70d55c92c8ee905e6,NENE,0,fbe8c879,Elmo's Number Journe,none,no,no cartridge save,,,,,,,,,,,no controller pak use,,,,,,,,
Shadow Man,Shadow Man (USA).z64,5e20cc63,cfb99dd949fdb2b2a0002ef595ab1813fe865b2c,NSDE,0,7fd2d858,Shadowman,none,yes,no cartridge save,,,,,,,,,,,ready,Everything completed,https://gamefaqs.gamespot.com/n64/198601-shadow-man/saves/1082,NSDE SHADOWMAN (73 pages),,saves/analogue3d/Library/N64/Games/Shadow Man 7fd2d858/controller_pak.img,saves/mister/Shadow Man (USA)_1.cpk,saves/emulator/Shadowman_Cont_1.mpk,saves/everdrive/Shadow Man (USA).mpk
Shadowgate 64 - Trials of the Four Towers,"Shadowgate 64 - Trials of the Four Towers (USA) (En,Es).z64",69983cc3,4397729f8143ea9a39f319e1f31f2e0b84335a24,NSGE,0,8decd965,SHADOWGATE64,none,yes,no cartridge save,,,,,,,,,,,needs review,Just about to beat the game,https://gamefaqs.gamespot.com/n64/198608-shadowgate-64-trials-of-the-four-towers/saves/2962,NSGE SHADOWGATE 64 (30 pages),Saved just before the end.,saves/analogue3d/Library/N64/Games/Shadowgate 64 - Trials of the Four Towers 8decd965/controller_pak.img,"saves/mister/Shadowgate 64 - Trials of the Four Towers (USA) (En,Es)_1.cpk",saves/emulator/SHADOWGATE64_Cont_1.mpk,"saves/everdrive/Shadowgate 64 - Trials of the Four Towers (USA) (En,Es).mpk"
Snowboard Kids,Snowboard Kids (USA).z64,020fb906,1583bacc9046a360df8ea4d536942155247e154c,NSKE,0,d30ca662,SNOWBOARD KIDS,none,yes,no cartridge save,,,,,,,,,,,needs review,Not stated,https://github.com/madmodder123/retropie_saves/blob/2848dd20b5c3b4958db6750f098ae1f62f1a2e6e/n64/Snowboard%20Kids%20(U)%20[!].mpk,NSKE SNOWBOARD KIDS (121 pages),Completion not stated.,saves/analogue3d/Library/N64/Games/Snowboard Kids d30ca662/controller_pak.img,saves/mister/Snowboard Kids (USA)_1.cpk,saves/emulator/SNOWBOARD KIDS_Cont_1.mpk,saves/everdrive/Snowboard Kids (USA).mpk
Snowboard Kids 2,Snowboard Kids 2 (USA).z64,d0dc8a8e,5ce896fd64276948bc2b8cccd8cd51c25a9f32aa,NK2E,0,3d9cd3dd,SNOWBOARD KIDS2,EEPROM 4Kbit,no,needs review,"Not stated per file. Repo README: saves focused on multiplayer content and unlockables (levels, characters, bonus levels).",madmodder123 (repo owner; original save author not credited),https://github.com/madmodder123/retropie_saves/blob/2848dd20b5c3b4958db6750f098ae1f62f1a2e6e/n64/Snowboard%20Kids%202%20(U)%20%5B!%5D.eep,(U) [!] (GoodN64 USA),padded 88->512 B with 0xFF,Not on GameFAQs. Completion not stated. Project64 file was only 88 B.,saves/summercart64/Snowboard Kids 2 (USA).sav,saves/mister/Snowboard Kids 2 (USA).eep,saves/emulator/SNOWBOARD KIDS2.eep,saves/everdrive/Snowboard Kids 2 (USA).eep,no controller pak use,,,,,,,,
South Park,South Park (USA).z64,7d666b9e,42d7350d1f9040c5546f481c4d650b99a23aadbc,NDTE,0,72ebd4e4,South Park,none,yes,no cartridge save,,,,,,,,,,,needs review,Starts you at final save point in the game,https://gamefaqs.gamespot.com/n64/198710-south-park/saves/1088,NDTE SOUTH PARK (2 pages),"Final save point, unlocks not stated.",saves/analogue3d/Library/N64/Games/South Park 72ebd4e4/controller_pak.img,saves/mister/South Park (USA)_1.cpk,saves/emulator/South Park_Cont_1.mpk,saves/everdrive/South Park (USA).mpk
South Park - Chef's Luv Shack,South Park - Chef's Luv Shack (USA).z64,6b6b1d09,0344b569e8410a860cd54165bc33130e80760896,NCYE,0,bcf9dab5,South Park; Chef's L,none,no,no cartridge save,,,,,,,,,,,no controller pak use,,,,,,,,
South Park Rally,South Park Rally (USA).z64,ccdd322a,e0b9e2358b09d430a100a14a6cb19e30b55faea2,NPRE,0,b908e90c,South Park Rally,none,yes,no cartridge save,,,,,,,,,,,needs review,Not stated,https://github.com/madmodder123/retropie_saves/blob/2848dd20b5c3b4958db6750f098ae1f62f1a2e6e/n64/South%20Park%20Rally%20(U)%20[!].mpk,NPRE SOUTH PARK RALLY.A (1 pages),Completion not stated.,saves/analogue3d/Library/N64/Games/South Park Rally b908e90c/controller_pak.img,saves/mister/South Park Rally (USA)_1.cpk,saves/emulator/South Park Rally_Cont_1.mpk,saves/everdrive/South Park Rally (USA).mpk
Space Invaders,Space Invaders (USA).z64,60f7ff8e,6850205eace572ae1aa31100320ad8df1b8db37e,NIVE,0,06f96131,SPACE INVADERS,none,yes,no cartridge save,,,,,,,,,,,ready,"Classic mode available, saved games at final boss of Expert, Normal, and Maniacal Mode (in that order)",https://gamefaqs.gamespot.com/n64/198723-space-invaders/saves/866,NIVE SPACE INVADERS (2 pages),,saves/analogue3d/Library/N64/Games/Space Invaders 06f96131/controller_pak.img,saves/mister/Space Invaders (USA)_1.cpk,saves/emulator/SPACE INVADERS_Cont_1.mpk,saves/everdrive/Space Invaders (USA).mpk
Space Station Silicon Valley,SpaceStation Silicon Valley (USA) (Rev 1).z64,e32d9e7b,c968bba6a90db9ecbd957e910684a80726b0497d,NSVE,1,bd59dd9a,Silicon Valley,EEPROM 4Kbit,no,needs review,"100% Power Cells, and all Trophies except Fat Bear Mountain.",grimakis,https://gamefaqs.gamespot.com/n64/198727-space-station-silicon-valley/saves/23259,Not stated,"Extracted cartridge-EEPROM backup note ""SVSV"" (code 3BADD1E5/FADE) from truncated DexDrive image","Not quite 100% (Fat Bear Mountain trophy missing). Dump has only 6 non-zero bytes, so I couldn't confirm the contents.",saves/summercart64/SpaceStation Silicon Valley (USA) (Rev 1).sav,saves/mister/SpaceStation Silicon Valley (USA) (Rev 1).eep,saves/emulator/Silicon Valley.eep,saves/everdrive/SpaceStation Silicon Valley (USA) (Rev 1).eep,no controller pak use,,,,,,,,
Spider-Man,Spider-Man (USA).z64,696cc2a4,382c9c5d4e416444c4f6f9f4f6a5914d679fedf1,NSLE,0,e5cded18,SPIDERMAN,none,yes,no cartridge save,,,,,,,,,,,ready,100% completed,https://gamefaqs.gamespot.com/n64/366269-spider-man/saves/1089,NSLE SM-DANNY (4 pages),,saves/analogue3d/Library/N64/Games/Spider-Man e5cded18/controller_pak.img,saves/mister/Spider-Man (USA)_1.cpk,saves/emulator/SPIDERMAN_Cont_1.mpk,saves/everdrive/Spider-Man (USA).mpk
St. Andrews Old Course,St. Andrews Old Course (Japan) [T-En by Zoinkity v1.0] [n].z64,759e0bd2,f1495f7f1605522dd84f879af9754d0a8d62bf66,NSTE,0,50b491ad,´²º³É¾ÝÄ±ÝÄÞØ­°½,none,yes,no cartridge save,,,,,,,,,,,not found,,,,,,,,
Star Fox 64,Star Fox 64 (USA) (Rev 1).z64,b1b5fc46,09f0d105f476b00efa5303a3ebc42e60a7753b7a,NFXE,1,ac2673fe,STARFOX64,EEPROM 4Kbit,no,ready,"100% completed | In-file DexDrive comment: ""EEPROM:   All medals, expert and normal modes accessible, sound modes accessible, and a neat start-up screen.""",TenebrusoM,https://gamefaqs.gamespot.com/n64/198759-star-fox-64/saves/1090,Not stated,"Extracted cartridge-EEPROM backup note ""FXFX"" (code 3BADD1E5/FADE) from DexDrive image",Chosen over the GameFAQs VC save because it also has sound modes. ROM is Rev 1; source revision unknown.,saves/summercart64/Star Fox 64 (USA) (Rev 1).sav,saves/mister/Star Fox 64 (USA) (Rev 1).eep,saves/emulator/STARFOX64.eep,saves/everdrive/Star Fox 64 (USA) (Rev 1).eep,no controller pak use,,,,,,,,
Star Soldier: Vanishing Earth,Star Soldier - Vanishing Earth (USA).z64,ea650def,14dfd0172567b47c819b3e61d1ce13281e0ffed6,NS6E,0,ba7f5a1a,STAR SOLDIER,EEPROM 4Kbit,no,needs review,Not stated per file. Repo README: saves focused on multiplayer content and unlockables.,madmodder123 (repo owner; original save author not credited),https://github.com/madmodder123/retropie_saves/blob/2848dd20b5c3b4958db6750f098ae1f62f1a2e6e/n64/Star%20Soldier%20-%20Vanishing%20Earth%20%28U%29%20%5B%21%5D.eep,(U) [!] (GoodN64 USA),none (copied as-is),Round 2. Not on GameFAQs as a cart save. Completion not stated.,saves/summercart64/Star Soldier - Vanishing Earth (USA).sav,saves/mister/Star Soldier - Vanishing Earth (USA).eep,saves/emulator/STAR SOLDIER.eep,saves/everdrive/Star Soldier - Vanishing Earth (USA).eep,no controller pak use,,,,,,,,
Star Wars: Rogue Squadron,Star Wars - Rogue Squadron (USA) (Rev 1).z64,65a8fba0,c12e1c6fb47a67da463c50b705ec682ec24ae80d,NRSE,1,f966c152,rogue squadron,EEPROM 4Kbit,no,not found,,,,,,No N64 saves on GameFAQs. The speedrun.com 100% save is the PC version.,,,,,no controller pak use,,,,,,,,
Star Wars: Shadows of the Empire,Star Wars - Shadows of the Empire (USA) (Rev 2).z64,e8727549,9ab85626c27372ee614b7c5301c2c4eb187fd9f6,NSWE,2,8ea56d16,Shadow of the Empire,EEPROM 4Kbit,no,needs review,EEPROM Save: All Challenge Points collected on both Medium and Jedi settings.,AstroBlue,https://gamefaqs.gamespot.com/n64/198789-star-wars-shadows-of-the-empire/saves/1172,Not stated (uploaded under Europe),"Extracted cartridge-EEPROM backup note ""SWSW"" (code 3BADD1E5/FADE) from DexDrive image","Region mismatch: posted under Europe (PAL), your ROM is USA Rev 2. Only SotE cart save found.",saves/summercart64/Star Wars - Shadows of the Empire (USA) (Rev 2).sav,saves/mister/Star Wars - Shadows of the Empire (USA) (Rev 2).eep,saves/emulator/Shadow of the Empire.eep,saves/everdrive/Star Wars - Shadows of the Empire (USA) (Rev 2).eep,no controller pak use,,,,,,,,
Star Wars Episode I: Battle for Naboo,Star Wars Episode I - Battle for Naboo (USA).z64,99dee3c0,e4441a6eeb67861408c2e009baae8aad4df34021,NNAE,0,1558821a,Battle for Naboo,EEPROM 4Kbit,no,ready,"All levels with Platinum Medals. | In-file DexDrive comment: ""All Levels with Platinum Medals.""",AWing_Pilot,https://gamefaqs.gamespot.com/n64/914230-star-wars-episode-i-battle-for-naboo/saves/11669,Not stated,"Extracted cartridge-EEPROM backup note ""NANA"" (code 3BADD1E5/FADE) from DexDrive image",Round 2. ,saves/summercart64/Star Wars Episode I - Battle for Naboo (USA).sav,saves/mister/Star Wars Episode I - Battle for Naboo (USA).eep,saves/emulator/Battle for Naboo.eep,saves/everdrive/Star Wars Episode I - Battle for Naboo (USA).eep,no controller pak use,,,,,,,,
Star Wars Episode I: Racer,Star Wars Episode I - Racer (USA).z64,c53c1035,3542d5597c8a56ea8f5c63bceae97a24c4c08d58,NEPE,0,c3f94820,STAR WARS EP1 RACER,EEPROM 16Kbit,no,ready,"All tracks and pod-racers unlocked (including hidden characters Cy Yunga and Jinn Reeso), all tracks and mirrored tracks placed in 1st, game played and beaten entirely with Anakin Skywalker (100%)",MattKimura (collection maintainer; original save author not credited),https://github.com/MattKimura/Emulator-Saves/blob/6a7b097895ddbcf2fb32ec1491762893386ed762/100%25%20Saves/N64/STAR%20WARS%20EP1%20RACER.eep,Not stated,padded 2032->2048 B with 0xFF,Not on GameFAQs (only Dreamcast saves there). Project64 file was 2032 B.,saves/summercart64/Star Wars Episode I - Racer (USA).sav,saves/mister/Star Wars Episode I - Racer (USA).eep,saves/emulator/STAR WARS EP1 RACER.eep,saves/everdrive/Star Wars Episode I - Racer (USA).eep,no controller pak use,,,,,,,,
StarCraft 64,StarCraft 64 (USA).z64,4e4c7ec9,a36d91b5aac7bb95df0d7de5f9814f5270e25c2b,NSQE,0,663f3ce1,STARCRAFT 64,FlashRAM 1Mbit,no,not found,,,,,,"Nothing on GameFAQs (or only other-platform saves), the GitHub collections, archive.org or speedrun.com.",,,,,no controller pak use,,,,,,,,
Starshot - Space Circus Fever,"Starshot - Space Circus Fever (USA) (En,Fr,Es).z64",7720e5f3,7def46651f55745d5bbd633c9002bdbffc53a5e0,NSCE,0,d2ac74fa,Starshot,EEPROM 4Kbit,no,not found,,,,,,"Nothing on GameFAQs (or only other-platform saves), the GitHub collections, archive.org or speedrun.com.",,,,,no controller pak use,,,,,,,,
Stunt Racer 64,Stunt Racer 64 (USA).z64,3438b1af,8570fa1f3e4cf7e62dc49da181353e4f301503b7,NR3E,0,6325fa4b,Stunt Racer 64,none,yes,no cartridge save,,,,,,,,,,,not found,,,,,,,,
Super Bowling,Super Bowling (USA).z64,f6ccd04a,56937a9e9536af55ebed06480413265848c4a04a,NBWE,0,c8179ef6,SUPER BOWLING,none,yes,no cartridge save,,,,,,,,,,,not found,,,,,,,,
Super Mario 64,Super Mario 64 (USA).z64,3ce60709,9bef1128717f958171a4afac3ed78ee2bb4e86ce,NSME,0,b393776d,SUPER MARIO 64,EEPROM 4Kbit,no,ready,"Ultimate 100% save, all coin collected in all courses, 120 star, all cap switch opened, all area unlocked, basically maxed out all the game needed, including 192rd impossible coin in Tiny-Huge island | In-file DexDrive comment: ""Created with savefileconverter.com""",JakeGamer2000,https://gamefaqs.gamespot.com/n64/198848-super-mario-64/saves/31112,Not stated,"Extracted 8-page EEPROM note ""SUPER MARIO 64"" (savefileconverter.com DexDrive format), kept first 512 B; trimmed to 512 B",Checksums valid; File A has 120 stars and the highest coin total of the candidates.,saves/summercart64/Super Mario 64 (USA).sav,saves/mister/Super Mario 64 (USA).eep,saves/emulator/SUPER MARIO 64.eep,saves/everdrive/Super Mario 64 (USA).eep,no controller pak use,,,,,,,,
Super Robot Spirits,Super Robot Spirits (Japan).z64,8c9216c1,3bf62a1a48716708a5831ce47fb8c1a41dc365e6,NSSJ,0,df8412db,SUPERROBOTSPIRITS,EEPROM 4Kbit,no,ready,"All characters and costumes unlocked. | In-file DexDrive comment: ""Created with savefileconverter.com""",Cyberlink420,https://gamefaqs.gamespot.com/n64/562843-super-robot-spirits/saves/28902,"Not stated (uploaded under Japan, matches ROM region)","Extracted 8-page EEPROM note ""SUPER ROBOT SPIR"" (savefileconverter.com DexDrive format), kept first 512 B; trimmed to 512 B",Round 2. ,saves/summercart64/Super Robot Spirits (Japan).sav,saves/mister/Super Robot Spirits (Japan).eep,saves/emulator/SUPERROBOTSPIRITS.eep,saves/everdrive/Super Robot Spirits (Japan).eep,no controller pak use,,,,,,,,
Super Smash Bros.,Super Smash Bros. (USA).z64,eb97929e,e2929e10fccc0aa84e5776227e798abc07cedabf,NALE,0,04079b93,SMASH BROTHERS,SRAM 256Kbit,no,ready,NALE--all characters and multiplayer stages unlocked as well as the Sound Test and Item Switch options,ConsummateGamer,https://gamefaqs.gamespot.com/n64/198854-super-smash-bros/saves/20121,Wii VC NALE (US release); N64 ROM revision not stated,"Decrypted Wii data.bin (AES-128-CBC, SD key/IV taken from Dolphin source), extracted RAM_NALE (32768 B)",VC save already in native N64 byte order (verified against Project64 copies of the same save type).,saves/summercart64/Super Smash Bros. (USA).sav,saves/mister/Super Smash Bros. (USA).sra,saves/emulator/SMASH BROTHERS.sra,saves/everdrive/Super Smash Bros. (USA).srm,no controller pak use,,,,,,,,
Supercross 2000,Supercross 2000 (USA).z64,094e2a48,8d726c2ef6bc74b0d516067ffd92da00efa07993,NSXE,0,b7214f05,Supercross,none,yes,no cartridge save,,,,,,,,,,,not found,,,,,,,,
Superman - The New Superman Aventures,"Superman - The New Superman Aventures (USA) (En,Fr,Es).z64",437e3677,c271db752610c9581e1ba1e9125ea8ecdb56f74f,NSPE,0,f45e7f35,SUPERMAN,none,yes,no cartridge save,,,,,,,,,,,not found,,,,,,,,
Sydney 2000,Sydney 2000 (USA) (Proto).z64,5b6673aa,711c79790a713e65cc2ecb4857f35898b8e92985,(blank in header),0,e23e5cf6,Syd2k USA,none,no,no cartridge save,,,,,,,,,,,no controller pak use,,,,,,,,
Tamiya Racing 64,Tamiya Racing 64 (USA) (Proto).z64,1b4c53fa,be11aa2170fb3900379b127241161833400bf58c,(blank in header),0,e22042ca,(blank header title; Project64 uses the ROM file name),none,no,no cartridge save,,,,,,,,,,,no controller pak use,,,,,,,,
Tarzan,Tarzan (USA).z64,c38ca641,44c63a89e1e8f9eeee0aa4b45442822feb3cc579,NTAE,0,637fc831,TARZAN,none,yes,no cartridge save,,,,,,,,,,,needs review,100% played in heavy or hard game mode. Have fun!,https://gamefaqs.gamespot.com/n64/198890-disneys-tarzan/saves/26081,NTAD TARZAN (2 pages),German PAL save relabeled to the USA game code; may not load.,saves/analogue3d/Library/N64/Games/Tarzan 637fc831/controller_pak.img,saves/mister/Tarzan (USA)_1.cpk,saves/emulator/TARZAN_Cont_1.mpk,saves/everdrive/Tarzan (USA).mpk
Taz Express,"Taz Express (Europe) (En,Fr,De,Es,It,Nl).z64",0712c306,e1d8121986652ed180505af21456c180c8b29fab,NTXP,0,1977ebb0,Taz Express,EEPROM 4Kbit,no,not found,,,,,,"Nothing on GameFAQs (or only other-platform saves), the GitHub collections, archive.org or speedrun.com.",,,,,no controller pak use,,,,,,,,
Tetris 64,Tetris 64 (Japan) (En).z64,f128cd17,ea9a3ba1384e15e0af996b43fe3e56db889002de,NT6J,0,44fb72e2,TETRIS64,EEPROM 4Kbit,no,not found,,,,,,"Nothing on GameFAQs (or only other-platform saves), the GitHub collections, archive.org or speedrun.com.",,,,,no controller pak use,,,,,,,,
Tetrisphere,Tetrisphere (USA).z64,70a3a5ce,32adaa274ceed246aeee9f53592d642a121f3bdb,NTPE,0,558333cf,TETRISPHERE,EEPROM 4Kbit,no,not found,,,,,,"Nothing on GameFAQs (or only other-platform saves), the GitHub collections, archive.org or speedrun.com.",,,,,no controller pak use,,,,,,,,
Tigger's Honey Hunt,Tigger's Honey Hunt (USA).z64,68c2ac8f,98db3a0f9025893107e9fb1bb8d0b6bc0ef3e280,NT9E,0,b588d00b,Tigger's Honey Hunt,FlashRAM 1Mbit,no,not found,,,,,,"Nothing on GameFAQs (or only other-platform saves), the GitHub collections, archive.org or speedrun.com.",,,,,no controller pak use,,,,,,,,
Tom and Jerry in Fists of Furry,Tom and Jerry in Fists of Furry (USA).z64,6d685b83,d8980a34ece4a8933d439d0378e0cff8f03994a7,NTJE,0,d46bd615,TOM AND JERRY,EEPROM 4Kbit,no,ready,Every character is unlocked and every stage is unlocked,SonicStar337,https://gamefaqs.gamespot.com/n64/437520-tom-and-jerry-in-fists-of-furry/saves/1508,Not stated,"Extracted cartridge-EEPROM backup note ""TJTJ"" (code 3BADD1E5/FADE) from DexDrive image","Round 2. Save holds only a few unlock bytes, which fits a characters/stages-only save.",saves/summercart64/Tom and Jerry in Fists of Furry (USA).sav,saves/mister/Tom and Jerry in Fists of Furry (USA).eep,saves/emulator/TOM AND JERRY.eep,saves/everdrive/Tom and Jerry in Fists of Furry (USA).eep,no controller pak use,,,,,,,,
Tom Clancy's Rainbow Six,Tom Clancy's Rainbow Six (USA).z64,53b0cc13,f785674c670c01e31c77b3034525d43fd6703b9a,NR6E,0,2dde91e1,RAINBOW SIX,none,yes,no cartridge save,,,,,,,,,,,not found,,,,,,,,
Tommy Thunder,Tommy Thunder (USA) (Proto) (1997-10-01).z64,66734854,287fd68b5de520ade240889bc0133777fed5c671,NNiE,0,eddbf343,LALA,none,no,no cartridge save,,,,,,,,,,,no controller pak use,,,,,,,,
Tonic Trouble,Tonic Trouble (USA) (Rev 1).z64,1c04ba12,38f9837159d6aa69ca656d8005eccf099c129537,NTTE,1,647e59ff,Tonic Trouble,none,yes,no cartridge save,,,,,,,,,,,needs review,Groghs Kingdom can be reached,https://gamefaqs.gamespot.com/n64/199055-tonic-trouble/saves/26094,NTTE TONICT MICHAEL (38 pages),"Mid/late-game save, not 100%.",saves/analogue3d/Library/N64/Games/Tonic Trouble 647e59ff/controller_pak.img,saves/mister/Tonic Trouble (USA) (Rev 1)_1.cpk,saves/emulator/Tonic Trouble_Cont_1.mpk,saves/everdrive/Tonic Trouble (USA) (Rev 1).mpk
Tony Hawk's Pro Skater,Tony Hawk's Pro Skater (USA) (Rev 1).z64,6182a092,4900b6c92fb8df1765e91e891dccc525bb102fe1,NTFE,1,c9c86275,TONY HAWK PRO SKATER,none,yes,no cartridge save,,,,,,,,,,,ready,"All the skaters have full stats, 30 tapes, and 3 gold medals. Just load it up and have fun.",https://gamefaqs.gamespot.com/n64/199059-tony-hawks-pro-skater/saves/903,NTFE TH-ETR (11 pages),,saves/analogue3d/Library/N64/Games/Tony Hawk's Pro Skater c9c86275/controller_pak.img,saves/mister/Tony Hawk's Pro Skater (USA) (Rev 1)_1.cpk,saves/emulator/TONY HAWK PRO SKATER_Cont_1.mpk,saves/everdrive/Tony Hawk's Pro Skater (USA) (Rev 1).mpk
Tony Hawk's Pro Skater 2,Tony Hawk's Pro Skater 2 (USA).z64,80aa83f3,458ac754cd8e08c46f4c5c9204192ecde84a179d,NTQE,0,9fc50ddd,THPS2,none,yes,no cartridge save,,,,,,,,,,,needs review,Not stated,https://github.com/madmodder123/retropie_saves/blob/2848dd20b5c3b4958db6750f098ae1f62f1a2e6e/n64/Tony%20Hawk's%20Pro%20Skater%202%20(U)%20[!].mpk,NTQE T2-PRO SKATER.G (27 pages),Completion not stated.,saves/analogue3d/Library/N64/Games/Tony Hawk's Pro Skater 2 9fc50ddd/controller_pak.img,saves/mister/Tony Hawk's Pro Skater 2 (USA)_1.cpk,saves/emulator/THPS2_Cont_1.mpk,saves/everdrive/Tony Hawk's Pro Skater 2 (USA).mpk
Tony Hawk's Pro Skater 3,Tony Hawk's Pro Skater 3 (USA).z64,62a8ce7d,7b9438120c67214afaea09f4b106c54ef8f366c5,N3TE,0,9b9bb83b,THPS3,none,yes,no cartridge save,,,,,,,,,,,needs review,Not stated,https://github.com/madmodder123/retropie_saves/blob/2848dd20b5c3b4958db6750f098ae1f62f1a2e6e/n64/Tony%20Hawk's%20Pro%20Skater%203%20(U).mpk,N3TE T3-PRO SKATER.G (24 pages),Completion not stated.,saves/analogue3d/Library/N64/Games/Tony Hawk's Pro Skater 3 9b9bb83b/controller_pak.img,saves/mister/Tony Hawk's Pro Skater 3 (USA)_1.cpk,saves/emulator/THPS3_Cont_1.mpk,saves/everdrive/Tony Hawk's Pro Skater 3 (USA).mpk
Toon Panic,Toon Panic (Japan) (Proto).z64,cf396c4e,c0da7fe28d05fab82f79703fdf9d807b9d7ee70e,(blank in header),0,dec83c60,(blank header title; Project64 uses the ROM file name),EEPROM 4Kbit,no,not found,,,,,,"Nothing on GameFAQs (or only other-platform saves), the GitHub collections, archive.org or speedrun.com.",,,,,no controller pak use,,,,,,,,
Top Gear Hyper-Bike,Top Gear Hyper-Bike (USA).z64,6eebc26a,c7593b3d0d793cf03616df02501735221624ac04,NGBE,0,28ab6ca1,Top Gear Hyper Bike,none,yes,no cartridge save,,,,,,,,,,,not found,,,,,,,,
Top Gear Overdrive,Top Gear Overdrive (USA).z64,f3e0ff21,75ebbe451906ce68b0dd43eef9ee44416452a4f1,NRCE,0,e5351549,Top Gear Overdrive,EEPROM 4Kbit,no,not found,,,,,,"Nothing on GameFAQs (or only other-platform saves), the GitHub collections, archive.org or speedrun.com.",,,,,no controller pak use,,,,,,,,
Top Gear Rally,Top Gear Rally (USA).z64,137287f5,bfc51f086ebdb78904dc24ad0c3a2d946e26d022,NGRE,0,9292bb08,TOP GEAR RALLY,none,yes,no cartridge save,,,,,,,,,,,not found,,,,,,,,
Top Gear Rally 2,Top Gear Rally 2 (USA).z64,914cf9c4,fed36b2202b28fc7ff6446ecba541413660d0630,NL2E,0,228c0bc9,TOP GEAR RALLY 2,none,yes,no cartridge save,,,,,,,,,,,not found,,,,,,,,
Toy Story 2 - Buzz Lightyear to the Rescue!,Toy Story 2 - Buzz Lightyear to the Rescue! (USA).z64,b9570841,982ad2e1e44c6662c88a77367bc5df91c51531bf,NTHE,0,75fafe2c,Toy Story 2,none,yes,no cartridge save,,,,,,,,,,,ready,All levels unlocked and all 50 pizza planet tokens earned.,https://gamefaqs.gamespot.com/n64/199097-disney-pixar-toy-story-2-buzz-lightyear-to-the-rescue/saves/2011,NTHE TOY STORY 2 (12 pages),,saves/analogue3d/Library/N64/Games/Toy Story 2 - Buzz Lightyear to the Rescue! 75fafe2c/controller_pak.img,saves/mister/Toy Story 2 - Buzz Lightyear to the Rescue! (USA)_1.cpk,saves/emulator/Toy Story 2_Cont_1.mpk,saves/everdrive/Toy Story 2 - Buzz Lightyear to the Rescue! (USA).mpk
Transformers - Beast Wars Transmetals,Transformers - Beast Wars Transmetals (USA).z64,85138b5a,8d074a0e74e69a45a57a48470383bd5268521cde,NOHE,0,71858b71,BEAST WARS US,none,no,no cartridge save,,,,,,,,,,,no controller pak use,,,,,,,,
Triple Play 2000,Triple Play 2000 (USA).z64,785dd0f8,03619f14149d5a2716dffbe02e21c2a0f5ee24f5,N3PE,0,2034d111,TRIPLE PLAY 2000,none,yes,no cartridge save,,,,,,,,,,,not found,,,,,,,,
Sin and Punishment (Tsumi to Batsu),Tsumi to Batsu - Hoshi no Keishousha (Japan) [T-En by Zoinkity v1.0].z64,6a19ae94,e3906c919236dac6eba020b4b8c1df91fd725c5d,NGUE,0,f3fc1af7,Sin and Punishment,EEPROM 4Kbit,no,needs review,EEPROM Save: Hard Game Level and all options in OPT. menu unlocked.,AstroBlue,https://gamefaqs.gamespot.com/n64/366184-sin-and-punishment/saves/1171,Not stated (uploaded under Japan; Japanese cartridge),"Extracted cartridge-EEPROM backup note ""GUGU"" (code 3BADD1E5/FADE, note 4 of 8) from DexDrive image","Round 3. Save is from the unpatched Japanese cart; your ROM has the Zoinkity English patch, so test that it loads. Alt kept in originals: Wii VC NAJN save #17226 (McGingerchops, ""Hard Mode and Sound Test Unlocked""), which wraps the same Japanese game (EEP_NGUJ).",saves/summercart64/Tsumi to Batsu - Hoshi no Keishousha (Japan) [T-En by Zoinkity v1.0].sav,saves/mister/Tsumi to Batsu - Hoshi no Keishousha (Japan) [T-En by Zoinkity v1.0].eep,saves/emulator/Sin and Punishment.eep,saves/everdrive/Tsumi to Batsu - Hoshi no Keishousha (Japan) [T-En by Zoinkity v1.0].eep,no controller pak use,,,,,,,,
Turok - Dinosaur Hunter,Turok - Dinosaur Hunter (USA) (Rev 2).z64,8c3bbc00,c7ed00dee20f4235823bcf50d32fa5d6862d6fce,NTUE,2,49326676,TUROK_DINOSAUR_HUNTE,none,yes,no cartridge save,,,,,,,,,,,ready,"ALL Keys, all chronoscepter pieces, all cheats, and starts you at the final save point in the game",https://gamefaqs.gamespot.com/n64/199130-turok-dinosaur-hunter/saves/1085,NTUE TUROK LVL 8 (16 pages),,saves/analogue3d/Library/N64/Games/Turok - Dinosaur Hunter 49326676/controller_pak.img,saves/mister/Turok - Dinosaur Hunter (USA) (Rev 2)_1.cpk,saves/emulator/TUROK_DINOSAUR_HUNTE_Cont_1.mpk,saves/everdrive/Turok - Dinosaur Hunter (USA) (Rev 2).mpk
Turok - Rage Wars,Turok - Rage Wars (USA) (Rev 1).z64,e28756f4,037fb397cee2669048ed6b762a64698de4a4d88a,NRWE,1,28853bf6,Turok; Rage Wars,none,yes,no cartridge save,,,,,,,,,,,ready,"48 medals, all mini-game icons, all cheats, all weapon upgrades and all extra game modes.",https://gamefaqs.gamespot.com/n64/199132-turok-rage-wars/saves/849,NRWE RAGE WARS (7 pages),,saves/analogue3d/Library/N64/Games/Turok - Rage Wars 28853bf6/controller_pak.img,saves/mister/Turok - Rage Wars (USA) (Rev 1)_1.cpk,saves/emulator/Turok; Rage Wars_Cont_1.mpk,saves/everdrive/Turok - Rage Wars (USA) (Rev 1).mpk
Turok 2 - Seeds of Evil,Turok 2 - Seeds of Evil (USA) (Rev 1).z64,57f1fbf5,a86af6c2ac9f6d837181f07c0a27f7ee59e7df68,NT2E,1,6ec0e493,Turok 2; Seeds of Ev,none,yes,no cartridge save,,,,,,,,,,,ready,"All keys, Talismans, and nuke pieces and starts you at final save point in the game",https://gamefaqs.gamespot.com/n64/199127-turok-2-seeds-of-evil/saves/1084,NT2E TUROK 251NT2E (90 pages),,saves/analogue3d/Library/N64/Games/Turok 2 - Seeds of Evil 6ec0e493/controller_pak.img,saves/mister/Turok 2 - Seeds of Evil (USA) (Rev 1)_1.cpk,saves/emulator/Turok 2; Seeds of Ev_Cont_1.mpk,saves/everdrive/Turok 2 - Seeds of Evil (USA) (Rev 1).mpk
Turok 3 - Shadow of Oblivion,Turok 3 - Shadow of Oblivion (USA).z64,cb297224,a2e0a28dc0d3a48c7c02cb9e4c4b38fe04b2d436,NTKE,0,96be960f,Turok 3; Shadow of O,none,yes,no cartridge save,,,,,,,,,,,needs review,Start at Final Boss with Joseph.,https://gamefaqs.gamespot.com/n64/199128-turok-3-shadow-of-oblivion/saves/11696,NTKE TUROK 3.A (16 pages),Saved at the final boss (Joseph).,saves/analogue3d/Library/N64/Games/Turok 3 - Shadow of Oblivion 96be960f/controller_pak.img,saves/mister/Turok 3 - Shadow of Oblivion (USA)_1.cpk,saves/emulator/Turok 3; Shadow of O_Cont_1.mpk,saves/everdrive/Turok 3 - Shadow of Oblivion (USA).mpk
Twisted Edge - Extreme Snowboarding,Twisted Edge - Extreme Snowboarding (USA).z64,bfbcc038,8888228ad423df143c2c820130fb0658df64c930,NSBE,0,d58ab8d0,TWISTED EDGE,none,yes,no cartridge save,,,,,,,,,,,not found,,,,,,,,
V-Rally Edition 99,V-Rally Edition 99 (USA).z64,4803075e,891c64c871993c043bf47745fcce16cd7e6aa76f,NVLE,0,b4cdf5d8,V-RALLY,EEPROM 4Kbit,no,not found,,,,,,"Nothing on GameFAQs (or only other-platform saves), the GitHub collections, archive.org or speedrun.com.",,,,,no controller pak use,,,,,,,,
Viewpoint 2064,Viewpoint 2064 (Japan) (Proto) [T-En by Zoinkity v1.1].z64,30f7096d,65c32841479aac19591803d4f810a29a675fd9d9,(blank in header),0,958d185e,(blank header title; Project64 uses the ROM file name),EEPROM 4Kbit,no,not found,,,,,,"Nothing on GameFAQs (or only other-platform saves), the GitHub collections, archive.org or speedrun.com.",,,,,no controller pak use,,,,,,,,
Vigilante 8,Vigilante 8 (USA).z64,330b73e6,22b7d7b4f1722efd52d3c8beba8cf5d07340569b,NV8E,0,c9ae94fb,VIGILANTE 8,none,yes,no cartridge save,,,,,,,,,,,ready,Game Completely Beaten,https://gamefaqs.gamespot.com/n64/199192-vigilante-8/saves/1067,NV8E VIGILANTE8 (1 pages),,saves/analogue3d/Library/N64/Games/Vigilante 8 c9ae94fb/controller_pak.img,saves/mister/Vigilante 8 (USA)_1.cpk,saves/emulator/VIGILANTE 8_Cont_1.mpk,saves/everdrive/Vigilante 8 (USA).mpk
Vigilante 8 - 2nd Offense,Vigilante 8 - 2nd Offense (USA).z64,0293203f,9634247ca456c82a65bb33f552db036ba6f33f79,NVGE,0,534e58e0,V8; SECOND OFFENSE,none,yes,no cartridge save,,,,,,,,,,,not found,,,,,,,,
Virtual Chess 64,"Virtual Chess 64 (USA) (En,Fr,Es).z64",620de0b7,b3f84937813eb76f94dfcf1dbea69b11bdbf7e4f,NVCE,0,d68f2b45,VIRTUALCHESS,none,yes,no cartridge save,,,,,,,,,,,not found,,,,,,,,
Virtual Pool 64,Virtual Pool 64 (USA).z64,ad628ded,4fed63f7ee35f4d3941f0d61175057481d91d2e0,NVRE,0,23a4cf27,Virtual Pool 64,none,yes,no cartridge save,,,,,,,,,,,not found,,,,,,,,
Virtual Pro Wrestling 2 - Oudou Keishou,Virtual Pro Wrestling 2 - Oudou Keishou (Japan) [T-En by VPW 2 Dojo Beta 3].z64,71f98a9b,967e5239ca44fff2271d0971d9300f27f75560ee,NA2J,0,e8f1c68d,ÊÞ°Á¬Ù ÌßÛÚ½ 2,SRAM 256Kbit,yes,skipped,,,https://archive.org/details/n64-aki-game-saves,,,"Made for the unpatched Japan ROM, not the VPW 2 Dojo translation. A roster mod, not an unlock save.",,,,,needs review,"Save file contains 16 full Created Wrestlers, (CAWs.) CAWs are of WWF wrestlers.",https://gamefaqs.gamespot.com/n64/576850-virtual-pro-wrestling-2-oudou-keishou/saves/355,NA2J ~-~~~ ~~~~ 2 (29 pages),"16 created wrestlers (WWF), not an unlock save. Made for the unpatched Japanese ROM. Project64 names saves after the ROM header title, which is Shift-JIS here; file named after the ROM instead. Rename to match the save name Project64 creates.",saves/analogue3d/Library/N64/Games/Virtual Pro Wrestling 2 - Oudou Keishou e8f1c68d/controller_pak.img,saves/mister/Virtual Pro Wrestling 2 - Oudou Keishou (Japan) [T-En by VPW 2 Dojo Beta 3]_1.cpk,saves/emulator/Virtual Pro Wrestling 2 - Oudou Keishou (Japan) [T-En by VPW 2 Dojo Beta 3]_Cont_1.mpk,saves/everdrive/Virtual Pro Wrestling 2 - Oudou Keishou (Japan) [T-En by VPW 2 Dojo Beta 3].mpk
Waialae Country Club - True Golf Classics,Waialae Country Club - True Golf Classics (USA) (Rev 1).z64,c65ee122,45c9e0ca0d41b47bb59d36cebb1d2a9db7c8278b,NWLE,1,7d980047,Waialae Country Club,SRAM 256Kbit,no,not found,,,,,,"Nothing on GameFAQs (or only other-platform saves), the GitHub collections, archive.org or speedrun.com.",,,,,no controller pak use,,,,,,,,
War Gods,War Gods (USA).z64,ffacf993,829c4f0f1caa72a2fbabaee5651e2acc695d3921,NWAE,0,ad5cc4e0,WAR GODS,none,no,no cartridge save,,,,,,,,,,,no controller pak use,,,,,,,,
Wave Race 64,Wave Race 64 - Kawasaki Jet Ski (USA) (Rev 1).z64,394948c4,508dfc2d4caa42b6f6de5263d0aed5e44ac7966a,NWRE,1,d7361105,WAVE RACE 64,EEPROM 4Kbit,yes,ready,"All championship modes unlocked including reverse mode, Glacier Coast and Twilight City courses unlocked, and dolphin code unlocked (100%)",MattKimura (collection maintainer; original save author not credited),https://github.com/MattKimura/Emulator-Saves/blob/6a7b097895ddbcf2fb32ec1491762893386ed762/100%25%20Saves/N64/WAVE%20RACE%2064.eep,Not stated,none (copied as-is),GameFAQs VC save (all cups) is less complete; this one includes the dolphin. ROM is Rev 1; source revision unknown.,saves/summercart64/Wave Race 64 - Kawasaki Jet Ski (USA) (Rev 1).sav,saves/mister/Wave Race 64 - Kawasaki Jet Ski (USA) (Rev 1).eep,saves/emulator/WAVE RACE 64.eep,saves/everdrive/Wave Race 64 - Kawasaki Jet Ski (USA) (Rev 1).eep,not searched (has cartridge save),,,,,,,,
Wayne Gretzky's 3D Hockey '98,Wayne Gretzky's 3D Hockey '98 (USA).z64,355fb089,1af0be9568f8ace865d5cf76fd241da741154b0f,NW8E,0,1e98d321,W.G. 3DHOCKEY98,none,yes,no cartridge save,,,,,,,,,,,not found,,,,,,,,
Wayne Gretzky's 3D Hockey,Wayne Gretzky's 3D Hockey (USA) (Rev 1).z64,c2678971,91f33097c5da2c3480e0a9f04f7463cea16b176b,NWGE,1,e570eca7,W.G. 3DHOCKEY,none,yes,no cartridge save,,,,,,,,,,,not found,,,,,,,,
WCW Backstage Assault,WCW Backstage Assault (USA).z64,5dcc2e4e,34f793d55770d5eb112cff0e28cb0a35e0ec7385,NWVE,0,4fb4dd5f,WCW BACKSTAGE,none,yes,no cartridge save,,,,,,,,,,,ready,"All wrestlers, costumes, and moves unlocked",https://gamefaqs.gamespot.com/n64/367004-wcw-backstage-assault/saves/1224,NWVE WCWBSA (33 pages),,saves/analogue3d/Library/N64/Games/WCW Backstage Assault 4fb4dd5f/controller_pak.img,saves/mister/WCW Backstage Assault (USA)_1.cpk,saves/emulator/WCW BACKSTAGE_Cont_1.mpk,saves/everdrive/WCW Backstage Assault (USA).mpk
WCW Mayhem,WCW Mayhem (USA).z64,f1f9b6eb,83382ee31db3dccd598d8af55607e70db1bcbbb6,NWME,0,d90e6a67,WCW MAYHEM,none,yes,no cartridge save,,,,,,,,,,,ready,All the hidden wrestlers unlocked.,https://gamefaqs.gamespot.com/n64/199281-wcw-mayhem/saves/1003,NWME WCWOPT (22 pages),,saves/analogue3d/Library/N64/Games/WCW Mayhem d90e6a67/controller_pak.img,saves/mister/WCW Mayhem (USA)_1.cpk,saves/emulator/WCW MAYHEM_Cont_1.mpk,saves/everdrive/WCW Mayhem (USA).mpk
WCW Nitro,WCW Nitro (USA).z64,455b0830,1f3b1a9e348506ae3d2a79216b0bc6e69d04a4f9,NW3E,0,4d845967,NITRO64,none,yes,no cartridge save,,,,,,,,,,,ready,All wrestlers with unfinished programmer and nitro girl wrestlers.,https://gamefaqs.gamespot.com/n64/199284-wcw-nitro/saves/1998,NW3E NITRO64 (4 pages),,saves/analogue3d/Library/N64/Games/WCW Nitro 4d845967/controller_pak.img,saves/mister/WCW Nitro (USA)_1.cpk,saves/emulator/NITRO64_Cont_1.mpk,saves/everdrive/WCW Nitro (USA).mpk
WCW vs. nWo - World Tour,WCW vs. nWo - World Tour (USA) (Rev 1).z64,a74da07a,60814fb3ad2dd206badbeee47c07636357dd0d7e,NWNE,1,a0c63bac,WCWvs.NWO;World Tour,none,yes,no cartridge save,,,,,,,,,,,ready,Every title won and all the secret wrestlers unlocked,https://gamefaqs.gamespot.com/n64/199286-wcw-vs-nwo-world-tour/saves/1064,NWNE WCW VS. NWO (3 pages),,saves/analogue3d/Library/N64/Games/WCW vs. nWo - World Tour a0c63bac/controller_pak.img,saves/mister/WCW vs. nWo - World Tour (USA) (Rev 1)_1.cpk,saves/emulator/WCWvs.NWO;World Tour_Cont_1.mpk,saves/everdrive/WCW vs. nWo - World Tour (USA) (Rev 1).mpk
WCW/nWo Revenge,WCW-nWo Revenge (USA).z64,54cbaaa8,e1711a2511394b9357b5f1ac8ca5cc17bd674836,NW2E,0,34a31993,WCW - nWo  REVENGE,SRAM 256Kbit,no,ready,A straight dump from my cart with all items unlocked. (Summercart64 versions marked tested.),N64AKISaves (uploader; own cart dump),https://archive.org/download/n64-aki-game-saves/Summercart64/WCW%20nWo%20REVENGE.sav,Not stated,none (copied as-is),Round 2. Native order confirmed (wrestler names readable). Pack also has a GameShark variant with Wrath unlocked (kept in unused candidates).,saves/summercart64/WCW-nWo Revenge (USA).sav,saves/mister/WCW-nWo Revenge (USA).sra,saves/emulator/WCW - nWo  REVENGE.sra,saves/everdrive/WCW-nWo Revenge (USA).srm,no controller pak use,,,,,,,,
Wetrix,"Wetrix (USA) (En,Fr,De,Es,It,Nl).z64",50cd1f71,6e40312cf88a9182e93b396b9d82457b1aba7cd6,NWTE,0,335e71eb,Wetrix,none,yes,no cartridge save,,,,,,,,,,,not found,,,,,,,,
Wheel of Fortune,Wheel of Fortune (USA).z64,8d3efa8d,b51b28660699bf029f862f51c319a5962fe9de9b,NWFE,0,cbefde54,WHEEL OF FORTUNE,none,no,no cartridge save,,,,,,,,,,,no controller pak use,,,,,,,,
Wildwaters,Wildwaters (USA) (Proto) (1999-06-15).z64,40443c67,3ff76b30a9179f1ac116cc04d560ce333db443af,(blank in header),0,9ce74151,(blank header title; Project64 uses the ROM file name),none,no,no cartridge save,,,,,,,,,,,no controller pak use,,,,,,,,
WinBack - Covert Operations,WinBack - Covert Operations (USA).z64,64c817c5,fa04477b321a95e1f7a2edcac5c09bfa6ef72041,NWDE,0,6153de1c,WIN BACK,none,yes,no cartridge save,,,,,,,,,,,ready,"Sudden Death, Max Power, and Trial modes unlocked, All Hidden Characters unlocked and game beaten on easy, normal, and hard",https://gamefaqs.gamespot.com/n64/199307-winback-covert-operations/saves/1282,NWDE WIN BACK (9 pages),,saves/analogue3d/Library/N64/Games/WinBack - Covert Operations 6153de1c/controller_pak.img,saves/mister/WinBack - Covert Operations (USA)_1.cpk,saves/emulator/WIN BACK_Cont_1.mpk,saves/everdrive/WinBack - Covert Operations (USA).mpk
Wipeout 64,Wipeout 64 (USA).z64,4888d0fe,54e4795aba4fc326f79d0703ffdb51a212dd4b5c,NWPE,0,924b4b58,Wipeout 64,none,yes,no cartridge save,,,,,,,,,,,not found,,,,,,,,
Wonder Project J2 - Koruro no Mori no Jozet,Wonder Project J2 - Koruro no Mori no Jozet (Japan) [T-En by Ryu v1.0].z64,e1094e29,27c4c8f199d1045c697c5d79d216d33e1c715760,NJ2J,0,2d566d3a,WONDER PROJECT J2,none,yes,no cartridge save,,,,,,,,,,,not found,,,,,,,,
World Cup 98,"World Cup 98 (USA) (En,Fr,De,Es,It,Nl,Sv,Da).z64",13930c26,b496edee84e5e84ead8da6f57a765936b2af2f9f,N8WE,0,3695a427,World Cup 98,none,yes,no cartridge save,,,,,,,,,,,not found,,,,,,,,
World Driver Championship,World Driver Championship (USA).z64,5e4acbfa,93227776f59b42e9fb1c942eba9d5b465eeb3979,NWOE,0,1ef07919,WORLD DRIVER CHAMP,none,yes,no cartridge save,,,,,,,,,,,not found,,,,,,,,
Worms Armageddon,"Worms Armageddon (USA) (En,Fr,Es).z64",5471ae3b,3b17b36ba91737b86aa56ecb1b48a89444b53572,NADE,0,98e8864c,WORMS ARMAGEDDON,EEPROM 4Kbit,no,needs review,Not stated per file. Repo README: saves focused on multiplayer content and unlockables.,madmodder123 (repo owner; original save author not credited),https://github.com/madmodder123/retropie_saves/blob/2848dd20b5c3b4958db6750f098ae1f62f1a2e6e/n64/Worms%20-%20Armageddon%20%28U%29%20%28M3%29%20%5B%21%5D.eep,(U) (M3) [!] (GoodN64 USA),padded 176->512 B with 0xFF,Round 2. Not on GameFAQs as a cart save. Completion not stated.,"saves/summercart64/Worms Armageddon (USA) (En,Fr,Es).sav","saves/mister/Worms Armageddon (USA) (En,Fr,Es).eep",saves/emulator/WORMS ARMAGEDDON.eep,"saves/everdrive/Worms Armageddon (USA) (En,Fr,Es).eep",no controller pak use,,,,,,,,
WWF Attitude,WWF Attitude (USA).z64,7a4b3686,259973eb0ba1d01f1a5fbf3039ed511e6b705f26,NTIE,0,1dc8597e,WWF; Attitude,none,yes,no cartridge save,,,,,,,,,,,ready,All the hidden wrestlers and cheats unlocked.,https://gamefaqs.gamespot.com/n64/199344-wwf-attitude/saves/1002,NTIE ATTITUDE (1 pages),,saves/analogue3d/Library/N64/Games/WWF Attitude 1dc8597e/controller_pak.img,saves/mister/WWF Attitude (USA)_1.cpk,saves/emulator/WWF; Attitude_Cont_1.mpk,saves/everdrive/WWF Attitude (USA).mpk
WWF No Mercy,WWF No Mercy (USA) (Rev 1).z64,baceea13,91cee3d096f4a76644d8b35b9aead6448909abd1,NW4E,1,71dd7d13,WWF No Mercy,FlashRAM 1Mbit,yes,ready,All wrestlers unlocked and everything purchased from the SmackDown Mall. No CAWs. Confirmed to work in both revisions 0 and 1. (Summercart64 versions marked tested.),"N64AKISaves (uploader; cart dump, ""99% certain this is a GameShark save"")",https://archive.org/download/n64-aki-game-saves/Summercart64/WWF%20No%20Mercy%20(USA)%20(Rev%201).sav,WWF No Mercy (USA) (Rev 1),none (copied as-is),"GameFAQs only has Controller Pak CAW files. Native order confirmed (""WWF2 AKI""/""NO MERCY"" headers).",saves/summercart64/WWF No Mercy (USA) (Rev 1).sav,saves/mister/WWF No Mercy (USA) (Rev 1).fla,saves/emulator/WWF No Mercy.fla,saves/everdrive/WWF No Mercy (USA) (Rev 1).fla,not searched (has cartridge save),,,,,,,,
WWF War Zone,WWF War Zone (USA).z64,2fbb5507,8700f89cd7cfa873452117f6b2a648d32796111c,NWWE,0,c5c6ed65,WWF War Zone,none,yes,no cartridge save,,,,,,,,,,,ready,All the hidden wrestles and cheats unlocked.,https://gamefaqs.gamespot.com/n64/199350-wwf-war-zone/saves/1004,NWWE WARZONE (54 pages),,saves/analogue3d/Library/N64/Games/WWF War Zone c5c6ed65/controller_pak.img,saves/mister/WWF War Zone (USA)_1.cpk,saves/emulator/WWF War Zone_Cont_1.mpk,saves/everdrive/WWF War Zone (USA).mpk
WWF WrestleMania 2000,WWF WrestleMania 2000 (USA).z64,0b50b4c6,442d417a52ed672ca1a47e7261a5414debb1e27a,NWXE,0,6d6e21df,WRESTLEMANIA 2000,SRAM 256Kbit,yes,ready,"All Characters unlocked, inc. Ho & Dummy, Smokin' Skull AND Light Heavyweight Unlocked - converted from PJ64 to WiiVC",DarkSynn337,https://gamefaqs.gamespot.com/n64/199352-wwf-wrestlemania-2000/saves/29355,Not stated,none (copied as-is),"Already native order (wrestler names readable). Same save as the archive.org AKI pack, except 2 bytes.",saves/summercart64/WWF WrestleMania 2000 (USA).sav,saves/mister/WWF WrestleMania 2000 (USA).sra,saves/emulator/WRESTLEMANIA 2000.sra,saves/everdrive/WWF WrestleMania 2000 (USA).srm,not searched (has cartridge save),,,,,,,,
Xena - Warrior Princess - The Talisman of Fate,Xena - Warrior Princess - The Talisman of Fate (USA).z64,7da93999,e3316269b8466fe1fb968ac9338e6acdc0379970,NXFE,0,9684939c,XENAWARRIORPRINCESS,none,yes,no cartridge save,,,,,,,,,,,ready,This is a save containing Despair as a playable character unlocked by T64.,https://gamefaqs.gamespot.com/n64/199364-xena-warrior-princess-the-talisman-of-fate/saves/1554,NXFE XENA TALISMAN (1 pages),,saves/analogue3d/Library/N64/Games/Xena - Warrior Princess - The Talisman of Fate 9684939c/controller_pak.img,saves/mister/Xena - Warrior Princess - The Talisman of Fate (USA)_1.cpk,saves/emulator/XENAWARRIORPRINCESS_Cont_1.mpk,saves/everdrive/Xena - Warrior Princess - The Talisman of Fate (USA).mpk
Yoshi's Story,"Yoshi's Story (USA) (En,Ja).z64",a1453e0d,b13072fef6c6df48c07d8822c01e5bc59036f6da,NYSE,0,324dfa08,YOSHI STORY,EEPROM 16Kbit,no,ready,"100% Complete, black and white Yoshis unlocked for story mode, and all stages available for trial mode (100%)",MattKimura (collection maintainer; original save author not credited),https://github.com/MattKimura/Emulator-Saves/blob/6a7b097895ddbcf2fb32ec1491762893386ed762/100%25%20Saves/N64/Yoshi%27s%20Story%20(U)%20(M2)%20%5B!%5D.eep,"(U) (M2) [!] (GoodN64 USA v1.0, matches ROM)",none (copied as-is),GameFAQs VC save only unlocks the trial stages; this one also has black and white Yoshis.,"saves/summercart64/Yoshi's Story (USA) (En,Ja).sav","saves/mister/Yoshi's Story (USA) (En,Ja).eep",saves/emulator/YOSHI STORY.eep,"saves/everdrive/Yoshi's Story (USA) (En,Ja).eep",no controller pak use,,,,,,,,
